Workbook

Sheet 27,06
A1: 1-30.05 | B1: Снекпром | C1: 45747 | D1: 45751 | E1: 45765 | F1: 30 мая
A3: Сальдо | B3: =SUM(B6:B101) -> -31198832 | C3: -24683594 | D3: -24387270 | E3: -24137498
A5: покупатели | D5: =D3-C3 -> 296324.32 | E5: =E3-D3 -> 249771.66 | F5: =B3-E3 -> -7061333.8
A6: ИП Супрунов | B6: ='[1]ИП Супрунов'!$R$25 -> 0
A7: ИП Лысенко | B7: ='[1]ИП Лысенко'!$R$57 -> -61576.2
A8: Белторгфуд | B8: =[1]БелторгФ!$L$24 -> 0
A9: Золотой Снек | B9: ='[1]Золотой Снек'!$V$101 -> 2634456
A10: Компас класс | B10: ='[1]Компас класс'!$R$28 -> 0
A11: ТМК-Сервис | B11: ='[2]ТМК-Сервис'!$Q$23 -> 0
A12: Рыбацкое дело | B12: ='[2]Рыбацкое дело'!$R$28 -> 0
A13: СНГ | B13: =[1]СНГ!$R$28 -> 0
A14: Универсам Бегемаг | B14: ='[2]Универсам Бег'!$O$55 -> 0
A15: Яндекс.Лавка | B15: =[3]Яндекс.Л!$O$80 -> 318532.5
A16: Экобиотехнология (отработ. пальмовое масло) | B16: =[3]Экобиотехн!$H$8 -> 0
A17: Элемент Трейд (Монетка) | B17: ='[1]ЭлТр Монетка'!$P$73 -> 6135984
C18: =SUM(B6:B18) -> 9027396.3 | E18: итого май по 25: | F18: =D5+E5+F5+G5 -> -6515237.8 | G18: =B3-C3 -> -6515237.8
A19: займы
A20: Нерудснаб займы р/с | B20: ='[4]Нерудснаб рс'!$D$40 -> -9905000
A21: Нерудснаб займы касса | B21: ='[4]Нерудснаб касса'!$D$84 -> -5959301.7
A22: Нерудснаб прочее касса | B22: =-[5]Нерудснаб!$H$21 -> -36549.99
A23: Нерудснаб прочее р/с | B23: =-[6]Нерудснаб!$I$21 -> -255549.6
A24: Нерудснаб оборудование | B24: =-[5]Нерудснаб!$G$21 -> -14094906
A25: АБЗстрой займ р/с | B25: =[7]АБЗ!$D$40 -> -2000000
A26: ГСН займ р/с | B26: =[7]ГСН!$D$40 -> -8600000
A27: ИП Головлин А.А. оборудование | B27: =-'[5]ИП Головлин'!$J$21 -> -4123500
A28: ИП Головлин прочее р/с | B28: =-'[6]ИП Головлин'!$I$21 -> -9840
A29: Головлин А.А. | B29: =-'[5]ИП Головлин'!$H$21 -> -103275
A30: Учредитель №2 (взносы) | B30: ='[7]Учр.№2 взносы'!$D$40 -> -7990
A31: Учредитель №1 (Нерудснаб) | B31: =[8]Учр.№1!$D$40 -> -80000
A32: Учредитель №2 (ИП Савин) | B32: =[8]Учр.№2!$D$40 -> -60000
A33: Учредитель №3 (Матвиенко) | B33: ='[8]Учр.№3 М'!$D$40 -> -20000
A34: Матвиенко Зп | B34: 1021800
A35: Учредитель №3 (Захаров) | B35: ='[8]Учр.№3 З'!$D$40 -> -20000
A36: Захаров Зп | B36: ='[7]Захаров зп'!$D$40 -> 899247.08
A37: Учредитель №3 (Саманков) | B37: ='[8]Учр.№3 С'!$D$40 -> -20000
A38: Учредитель №3 (Саманков) | B38: 800000 | C38: =SUM(B20:B38) -> -42574865
A39: поставщики комплектующих
A40: Аурум Фуд | B40: ='[9]Аурум Фуд'!$I$21 -> 0
A41: Золотой Снек (тарелки, гофрокороба) | B41: =-337862 -> -337862
A42: Интернет Решения | B42: ='[9]Интернет-Решения'!$I$21 -> 9.094947e-13
A43: Лейбл Стик (этикетки) | B43: ='[9]Лейбл Стик'!$I$21 -> 0.07
A44: ТД Л-Пак (гофроящики) | B44: ='[10]ТД Л-Пак'!$J$29 -> 0
A45: Тара.ру (гофроящики) | B45: =[9]Тара.ру!$J$21 -> 0
A46: НИКА (лотки) | B46: =[9]НИКА!$I$21 -> 0
A47: Ф-Граф (пленки) | B47: ='[11]Ф-Граф'!$K$25 -> -248227.79
A48: СЗ-Гофра | B48: ='[9]СЗ-Гофра'!$J$21 -> 0
A49: Упак Ареал | B49: ='[11]Упак Ареал'!$J$18 -> 534075
A50: РусУпак | B50: =[9]РусУпак!$J$20 -> 37828.5
A51: Пластик (тарелки) | B51: -71020
A52: Полимаркет (этикетки) | B52: =[9]Полимаркет!$I$21 -> -2.910383e-11
A53: Приопак | B53: -2164.1 | C53: =SUM(B40:B53) -> -87370.32
A54: поставщики сырья
A55: Агротрейд (арахис) | B55: ='[12]Агротрейд арахис'!$I$31 -> -553975
A56: Агроимпекс (арахис) | B56: =[12]Агроимпекс!$I$21 -> 0
A57: Академия-Т | B57: ='[13]Академия-Т'!$J$21 -> -0.005
A58: Золотой Снек (Барахис для СНГ ноябрь 2024) | B58: ='[13]Золотой Снек'!$I$21 -> -214400
A59: Велторгингридиентс (пищевые добавки) | B59: =[13]ВелторгИнгред!$J$36 -> 0
A60: ВМ Ингредиентс (ароматизаторы+вкус.добавки) | B60: ='[13]ВМ Ингредиентс'!$J$36 -> 0
A61: Вито-Хаус | B61: ='[13]Вито-Хаус'!$J$20 -> 0
A62: Доминант (крахмал) | B62: -303275
A63: КрахмалПродукт (патока) | B63: =[13]КрахмалПрод!$J$36 -> 0
A64: Люкс Ойл (масло пальмовое) | B64: ='[14]Люкс Ойл'!$I$17 -> 180800
A65: Нью Био (крахмал кукурузный) | B65: =[13]НьюБио!$J$26 -> 0
A66: Ресурс Групп (крахмал кукурузный) | B66: ='[14]РесурсГр кук крахм'!$F$29 -> 13725
A67: Русские мельницы (мука) | B67: ='[14]Русская мельница'!$J$27 -> -209250
A68: Омега Фуд Технолоджи (вкусовые добавки) | B68: ='[14]Омега Фуд Техн добавки'!$J$16 -> -18628.75
A69: Орион (глутамат и т.д.) | B69: ='[14]Орион глутамат'!$J$9 -> 0
A70: ПродАльянс (масло пальмовое) | B70: ='[15]ПродАл пальм масло'!$I$21 -> 0
A71: Скип (крахмальная патока) | B71: =[14]Скип!$J$19 -> -29184
A72: СоюзСнаб (пищевые добавки) | B72: =-93862.35-175721.73 -> -269584.08
A73: ТД Виктан (соль) | B73: ='[14]ТД Виктан соль'!$J$15 -> -7200
A74: ИП Ким | B74: ='[14]ИП Ким'!$J$22 -> -161980
A75: Эко Ресурс | B75: =[13]ЭкоРесурс!$J$20 -> 0 | E75: .
C76: =SUM(B55:B76) -> -1572951.8
A77: прочее
A78: Р/с Снекпром | B78: 245751.1
A79: ИП Головлин р/с УСЛУГИ | B79: ='[16]Золотой Снек'!$K$46 -> 756825
A80: касса Снекпром | B80: 181981.93
A81: Склад (комплектующие) | B81: -32446.92
A82: Склад (сырье) | B82: -69053.3
A83: Склад (полуфабрикаты) | B83: ='[17]30.04'!$F$176 -> 2916756
A84: Склад (готовая продукция, цены реализации) | B84: ='[17]30.04'!$K$132 -> 995136 | C84: =SUM(B78:B84) -> 4994949.8
A85: УСЛУГИ Мы
A86: Золотой снек (фасовка) | B86: ='[18]Золотой Снек'!$J$37 -> 0
A87: Акваэлемент (обжарка) | B87: =[19]Акваэлемент!$J$55 -> 0
A88: ОптТорг (обжарка) | B88: =[19]ОптТорг!$J$55 -> 850 | C88: =SUM(B86:B88) -> 850
A89: УСЛУГИ Нам
A90: оплата (сотрудники) | B90: 0
A91: оплата (Наемные сотрудники) | B91: 0
A92: Факторинг 40 дней 2,88% | B92: ='[2]ЭлТр Монетка'!$U$74 -> -239125.89
A93: электричество | B93: =-[20]Лист1!$I$177 -> 167570.62
A94: газ (по май) | B94: =[20]Лист1!$M$163 -> 915.0465
A95: ИП Камалов (доставка) | B95: ='[21]ИП Камалов'!$J$57 -> 0
A96: ИП Савин (доставка) | B96: ='[22]ИП Савин'!$I$28 -> -30000
A97: Итеко России (доставка) | B97: ='[22]Итеко России'!$I$27 -> 68946
A98: ФМ Логистик (доставка) | B98: =-'[22]ФМ логистик'!$I$59 -> -409040
A99: Промстеклоснаб (доставка) | B99: =[22]Промстеклосн!$I$63 -> -546000
A100: ПЭК (доставка) | B100: =-[21]ПЭК!$J$56+3802.1 -> -106.56016
A101: ИП Козырева (доставка) | B101: ='[21]ИП Козырева'!$J$56 -> 0 | C101: =SUM(B90:B101) -> -986840.79
