Workbook

Sheet склад
A1: Арахис | E1: Крахмал кукурузный ГОСТ | I1: Крахмал модифицированный Е1422 | K1: мука кукурузная | M1: Крахмал модифицированный Е1414 | Q1: Мука пшеничная
A2: Агроимпекс сплит | B2: АгроТр целый | C2: АгроТр сплит | E2: Ресурс Групп | F2: Доминант | G2: НьюБио | I2: Доминант | J2: Ресурс Групп | K2: Ресурс Групп | M2: Доминант | N2: Ресурс Групп | Q2: Русские мельницы
A3: =Агроимпекс!V2 -> 0 | B3: =АгроТрейд!T2 -> -75 | C3: =АгроТрейд!U2 -> 0 | D3: =A3+B3+C3 -> -75 | E3: =РесурсГр!W2 -> 50 | F3: =Доминант!W2 -> 3150 | G3: =НьюБио!V2 -> 0 | H3: =E3+F3+G3 -> 3200 | I3: =Доминант!X2 -> 1650 | J3: =РесурсГр!AA2 -> 75 | K3: =РесурсГр!AC2 -> 0 | L3: =I3+J3+K3 -> 1725 | M3: =Доминант!Y2 -> 1350 | N3: =РесурсГр!AB2 -> 0 | P3: =M3+N3+O3 -> 1350 | Q3: ='Русские мельницы'!N2 -> 0 | R3: ='Русские мельницы'!O2 -> 2650 | T3: =Q3+R3+S3 -> 2650
A4: 186 | B4: 152.5 | C4: 207.996 | E4: 47 | F4: 47 | G4: 165 | I4: 183 | J4: 183 | K4: 37 | M4: 183 | N4: 183 | Q4: 26 | R4: 27
A5: =A3*A4 -> 0 | B5: =B3*B4 -> -11437.5 | C5: =C3*C4 -> 0 | D5: =A5+B5+C5 -> -11437.5 | E5: =E3*E4 -> 2350 | F5: =F3*F4 -> 148050 | G5: =G3*G4 -> 0 | H5: =E5+F5+G5 -> 150400 | I5: =I3*I4 -> 301950 | J5: =J3*J4 -> 13725 | K5: =K3*K4 -> 0 | L5: =I5+J5+K5 -> 315675 | M5: =M3*M4 -> 247050 | N5: =N3*N4 -> 0 | P5: =M5+N5+O5 -> 247050 | Q5: =Q3*Q4 -> 0 | R5: =R3*R4 -> 71550 | T5: =Q5+R5+S5 -> 71550
A7: Соль | B7: Антиокислит | E7: Масло пальмовое | G7: масло подсолнечное 5л | I7: Глутамат натрия | J7: Глюкоза | K7: Пекарский порошок В | M7: Патока крахм-карамельная | N7: Мальтодекстрин | O7: Патока крахм-карамельная
A8: Виктан | B8: Велторг | E8: Люкс Ойл | F8: отработка | G8: ИП Ким | I8: СоюзСнаб | J8: СоюзСнаб | K8: СоюзСнаб | M8: Скип | N8: Орион | O8: КрахмалПрод
A9: ='ТД Виктан'!L2 -> 1440 | B9: =Велторг!V2 -> 39.74 | D9: =A9+B9+C9 -> 1479.74 | E9: =ЛюксОйл!O2 -> 720 | F9: ='отработ масло'!M2 -> 1075 | G9: ='ИП Ким'!V2 -> 210 | H9: =E9+F9+G9 -> 2005 | I9: ='Союзснаб ПдК'!AE2 -> 50 | J9: ='Союзснаб ПдК'!AC2 -> 0 | K9: ='Союзснаб ПдК'!AD2 -> 0 | L9: =I9+J9+K9 -> 50 | M9: =Скип!P2 -> -256 | N9: =Орион!R2 -> 25 | O9: =КрахмалПрод!L2 -> 3424 | P9: =M9+N9+O9 -> 3193
A10: 24 | B10: 2196.6 | E10: 234 | F10: 55 | G10: 623 | I10: 194.15 | J10: 129 | K10: 168.11 | M10: 57 | N10: 84 | O10: 59
A11: =A9*A10 -> 34560 | B11: =B9*B10 -> 87292.884 | D11: =A11+B11+C11 -> 121852.88 | E11: =E9*E10 -> 168480 | F11: =F9*F10 -> 59125 | G11: =G9*G10 -> 130830 | H11: =E11+F11+G11 -> 358435 | I11: =I9*I10 -> 9707.5 | J11: =J9*J10 -> 0 | K11: =K9*K10 -> 0 | L11: =I11+J11+K11 -> 9707.5 | M11: =M9*M10 -> -14592 | N11: =N9*N10 -> 2100 | O11: =O9*O10 -> 202016 | P11: =M11+N11+O11 -> 189524
A13: Красители | F13: ВАДы | M13: Глутамат натрия | N13: сахар | O13: диоксид титана
A14: солнечный закат | B14: тартразин | C14: зеленое яблоко | D14: понсо | F14: барбекю | G14: сыр с халапеньо | H14: васаби | I14: сметана и зелень | J14: сметана/ лук 117403 | K14: сметана и зелень/3 | M14: Орион | N14: ИП Ким | O14: Эко Ресурс
A15: ВМ Ингред | B15: ВМ Ингред | C15: ВМ Ингред | D15: ВМ Ингред | F15: ВМ Ингред | G15: ВМ Ингред | H15: Омега-Фуд | I15: Омега-Фуд | J15: Омега-Фуд | K15: Омега-Фуд
A16: ='ВМ Ингредиент'!AD2 -> 0 | B16: ='ВМ Ингредиент'!AE2 -> 0 | C16: ='ВМ Ингредиент'!AF2 -> 2 | D16: ='ВМ Ингредиент'!AG2 -> 2 | E16: =A16+B16+C16+D16 -> 4 | F16: ='ВМ Ингредиент'!AB2 -> 0 | G16: ='ВМ Ингредиент'!AC2 -> 0 | H16: ='Омега Фуд Техн'!V2 -> 0 | I16: ='Омега Фуд Техн'!U2 -> 93 | J16: ='Омега Фуд Техн'!X2 -> 310 | K16: ='Омега Фуд Техн'!W2 -> 0 | L16: =F16+G16+H16+I16+J16+K16 -> 403 | M16: =Орион!Q2 -> 0 | N16: ='ИП Ким'!U2 -> 750 | O16: ='Эко Ресурс'!M2 -> 150 | P16: =M16+N16+O16 -> 900
A17: 1465.2 | B17: 1200 | C17: 2070 | D17: 1758 | F17: 312 | G17: 470.4 | H17: 832.48158 | I17: 743.2872 | J17: 559.2 | K17: 676.42 | M17: 183 | N17: 60 | O17: 498
A18: =A16*A17 -> 0 | B18: =B16*B17 -> 0 | C18: =C16*C17 -> 4140 | D18: =D16*D17 -> 3516 | E18: =A18+B18+C18+D18 -> 7656 | F18: =F16*F17 -> 0 | G18: =G16*G17 -> 0 | H18: =H16*H17 -> 0 | I18: =I16*I17 -> 69125.71 | J18: =J16*J17 -> 173352 | K18: =K16*K17 -> 0 | L18: =F18+G18+H18+I18+J18+K18 -> 242477.71 | M18: =M16*M17 -> 0 | N18: =N16*N17 -> 45000 | O18: =O16*O17 -> 74700 | P18: =M18+N18+O18 -> 119700
A20: Остаток сырья, на сумму | D20: =D5+H5+L5+P5+T5+D11+H11+L11+P11+E18+L18+P18+L25+T25+M32+G39+-44861 -> 2330205.5 | F20: ВАДы | N20: ВАДы
F21: шашлык | G21: Пд Васаби 409 | H21: васаби 402 | I21: Пд сладкий Чили | J21: Пд холодец с хреном | K21: Пд имбирь | N21: бекон 180 | O21: салями | P21: красная икра 011 | Q21: сыр сливочный | R21: сыр
A22: потери: | D22: =Агроимпекс!T61 -> 0 | F22: СоюзСнаб | G22: СоюзСнаб | H22: СоюзСнаб | I22: СоюзСнаб | J22: СоюзСнаб | K22: ч/л | N22: СоюзСнаб | O22: СоюзСнаб | P22: СоюзСнаб | Q22: ВМ Ингред | R22: СоюзСнаб
F23: =СоюзСнаб!AO2 -> -20 | G23: =СоюзСнаб!AQ2 -> 130 | H23: =СоюзСнаб!AP2 -> 75 | I23: =СоюзСнаб!AR2 -> 105 | J23: =СоюзСнаб!AS2 -> -10 | K23: =чл!V2 -> 0 | L23: =F23+G23+H23+I23+J23+K23 -> 280 | N23: =СоюзСнаб!AV2 -> 0 | O23: =СоюзСнаб!AT2 -> 10 | P23: =СоюзСнаб!AU2 -> 65 | Q23: ='ВМ Ингредиент'!AA2 -> 100 | R23: =СоюзСнаб!AW2 -> 155 | S23: =чл!AD2 -> 0 | T23: =N23+O23+P23+Q23+R23+S23 -> 330
A24: остаток сырья, в единицах | D24: =D3+H3+L3+P3+T3+D9+H9+L9+P9+E16+L16+P16+L23+T23+M30+G37+0-290 -> 17662.74 | F24: 607 | G24: 427 | H24: 427 | I24: 514 | J24: 519 | K24: 450 | N24: 502.85 | O24: 504 | P24: 557 | Q24: 384 | R24: 398 | S24: 450
F25: =F23*F24 -> -12140 | G25: =G23*G24 -> 55510 | H25: =H23*H24 -> 32025 | I25: =I23*I24 -> 53970 | J25: =J23*J24 -> -5190 | K25: =K23*K24 -> 0 | L25: =F25+G25+H25+I25+J25+K25 -> 124175 | N25: =N23*N24 -> 0 | O25: =O23*O24 -> 5040 | P25: =P23*P24 -> 36205 | Q25: =Q23*Q24 -> 38400 | R25: =R23*R24 -> 61690 | S25: =S23*S24 -> 0 | T25: =N25+O25+P25+Q25+R25+S25 -> 141335
C27: ВАДы
C28: Пд грибы-сметана 272 | D28: Пд грибы-сметана 274 | E28: Пд холодец с хреном 551 | F28: барбекю-шашлык 541 | G28: креветка 053 | H28: мексиканский соус 206 | I28: ПдК Солнечнй закат | J28: ПдК тартразин | K28: ПдК Зеленое яблоко2 | L28: ПдК Зеленое яблоко
C29: СоюзСнаб
C30: =СоюзСнаб!BA2 -> 10 | D30: =СоюзСнаб!BB2 -> 45 | E30: =СоюзСнаб!BC2 -> 85 | F30: =СоюзСнаб!AX2 -> 220 | G30: =СоюзСнаб!AY2 -> 70 | H30: =СоюзСнаб!AZ2 -> 15 | I30: ='Союзснаб ПдК'!Z2 -> 3 | J30: ='Союзснаб ПдК'!AA2 -> 0 | K30: ='Союзснаб ПдК'!AF2 -> 3 | L30: ='Союзснаб ПдК'!Y2 -> 0 | M30: =C30+D30+E30+F30+G30+H30+I30+J30+K30+L30 -> 451
C31: 688.59 | D31: 522.19 | E31: 532.12 | F31: 629.27 | G31: 524 | H31: 689.75 | I31: 1891.98 | J31: 1780.53 | K31: 1924.17 | L31: 2233.99
C32: =C30*C31 -> 6885.9 | D32: =D30*D31 -> 23498.55 | E32: =E30*E31 -> 45230.2 | F32: =F30*F31 -> 138439.4 | G32: =G30*G31 -> 36680 | H32: =H30*H31 -> 10346.25 | I32: =I30*I31 -> 5675.94 | J32: =J30*J31 -> 0 | ... L32: =L30*L31 -> 0 | M32: =C32+D32+E32+F32+G32+H32+I32+J32+K32+L32 -> 272528.75
C34: Красители
C35: солнечный закат | D35: тартразин2 | E35: зеленое яблоко | F35: понсо2
C36: ВМ Ингред | D36: ВМ Ингред | E36: ВМ Ингред | F36: ВМ Ингред
C37: ='ВМ Ингредиент'!AF23 -> 0 | D37: ='ВМ Ингредиент'!AI2 -> 1 | E37: ='ВМ Ингредиент'!AH23 -> 0 | F37: ='ВМ Ингредиент'!AH2 -> 6 | G37: =C37+D37+E37+F37 -> 7
D38: 1585.2 | F38: 2142
C39: =C37*C38 -> 0 | D39: =D37*D38 -> 1585.2 | E39: =E37*E38 -> 0 | F39: =F37*F38 -> 12852 | G39: =C39+D39+E39+F39 -> 14437.2
K41: =38400+14437+7656 -> 60493

Sheet Агроимпекс
A1: дата поставки | B1: арахис, кг | C1: арахис целый, кг | D1: арахис сплит, кг | G1: цена | H1: на сумму | J1: дата выдачи на пр-во | K1: в чей подотчет | L1: арахис, кг | M1: арахис целый, кг | N1: арахис сплит, кг | Q1: цена | R1: на сумму | T1: арахис, кг | U1: арахис целый, кг | V1: арахис сплит, кг
A2: 2025 год | J2: 2025 год | T2: =0+B86-L86 -> 0 | U2: =0+C86-M86 -> 0 | V2: =0+D86-N86 -> 0
H3: =B3*G3+C3*G3+D3*G3+E3*G3+F3*G3 -> 0 | T3: 190 | V3: 186
A4: 45722 | B4: 10000 | G4: 198 | H4: =B4*G4+C4*G4+D4*G4+E4*G4+F4*G4 -> 1980000 | J4: 45723 | K4: Захаров | L4: 2800 | Q4: 198 | R4: =L4*Q4 -> 554400 | T4: =T2*T3 -> 0 | U4: =U2*U3 -> 0 | V4: =V2*V3 -> 0
A5: 45728 | B5: 500 | G5: 198 | H5: =B5*G5+C5*G5+D5*G5+E5*G5+F5*G5 -> 99000 | J5: 45726 | K5: Захаров | L5: 4700 | Q5: 198 | R5: =L5*Q5 -> 930600
H6: =B6*G6+C6*G6+D6*G6+E6*G6+F6*G6 -> 0 | J6: 45727 | K6: Захаров | L6: 2000 | Q6: 198 | R6: =L6*Q6 -> 396000
H7: =B7*G7+C7*G7+D7*G7+E7*G7+F7*G7 -> 0 | J7: 45729 | K7: Захаров | L7: 1000 | Q7: 198 | R7: =L7*Q7 -> 198000
A8: 45742 | B8: 5000 | G8: 190 | H8: =B8*G8+C8*G8+D8*G8+E8*G8+F8*G8 -> 950000 | J8: 45742 | K8: Захаров | L8: 2500 | Q8: 190 | R8: =L8*Q8 -> 475000
H9: =B9*G9+C9*G9+D9*G9+E9*G9+F9*G9 -> 0 | J9: 45743 | K9: Захаров | L9: 2500 | Q9: 190 | R9: =L9*Q9 -> 475000
A10: 45757 | D10: 5000 | G10: 186 | H10: =B10*G10+C10*G10+D10*G10+E10*G10+F10*G10 -> 930000 | J10: 45757 | K10: Захаров | N10: 5000 | Q10: 186 | R10: =L10*Q10+M10*Q10+N10*Q10+O10*Q10+P10*Q10 -> 930000
A11: 08-09 мая | B11: 5000 | G11: 173 | H11: =B11*G11+C11*G11+D11*G11+E11*G11+F11*G11 -> 865000 | J11: 08-09 мая | K11: Захаров | L11: 5000 | Q11: 173 | R11: =L11*Q11 -> 865000
H12: =B12*G12+C12*G12+D12*G12+E12*G12+F12*G12 -> 0 | R12: =L12*Q12 -> 0
H13: =B13*G13+C13*G13+D13*G13+E13*G13+F13*G13 -> 0 | R13: =L13*Q13 -> 0
H14: =B14*G14+C14*G14+D14*G14+E14*G14+F14*G14 -> 0 | R14: =L14*Q14 -> 0
H15: =B15*G15+C15*G15+D15*G15+E15*G15+F15*G15 -> 0 | R15: =L15*Q15 -> 0
H16: =B16*G16+C16*G16+D16*G16+E16*G16+F16*G16 -> 0 | R16: =L16*Q16 -> 0
H17: =B17*G17+C17*G17+D17*G17+E17*G17+F17*G17 -> 0 | R17: =L17*Q17 -> 0
H18: =B18*G18+C18*G18+D18*G18+E18*G18+F18*G18 -> 0 | R18: =L18*Q18 -> 0
H19: =B19*G19+C19*G19+D19*G19+E19*G19+F19*G19 -> 0 | R19: =L19*Q19 -> 0
H20: =B20*G20+C20*G20+D20*G20+E20*G20+F20*G20 -> 0 | R20: =L20*Q20 -> 0
H21: =B21*G21+C21*G21+D21*G21+E21*G21+F21*G21 -> 0 | R21: =L21*Q21 -> 0
H22: =B22*G22+C22*G22+D22*G22+E22*G22+F22*G22 -> 0 | R22: =L22*Q22 -> 0
H23: =B23*G23+C23*G23+D23*G23+E23*G23+F23*G23 -> 0 | R23: =L23*Q23 -> 0
... H42: =B42*G42+C42*G42+D42*G42+E42*G42+F42*G42 -> 0 | R42: =L42*Q42 -> 0
H43: =B43*G43+C43*G43+D43*G43+E43*G43+F43*G43 -> 0 | R43: =L43*Q43+M43*Q43+N43*Q43+O43*Q43+P43*Q43 -> 0
H44: =B44*G44+C44*G44+D44*G44+E44*G44+F44*G44 -> 0 | R44: =L44*Q44+M44*Q44+N44*Q44+O44*Q44+P44*Q44 -> 0
H45: =B45*G45+C45*G45+D45*G45+E45*G45+F45*G45 -> 0 | R45: =L45*Q45+M45*Q45+N45*Q45+O45*Q45+P45*Q45 -> 0
H46: =B46*G46+C46*G46+D46*G46+E46*G46+F46*G46 -> 0 | R46: =L46*Q46+M46*Q46+N46*Q46+O46*Q46+P46*Q46 -> 0
H47: =B47*G47+C47*G47+D47*G47+E47*G47+F47*G47 -> 0 | R47: =L47*Q47+M47*Q47+N47*Q47+O47*Q47+P47*Q47 -> 0
H48: =B48*G48+C48*G48+D48*G48+E48*G48+F48*G48 -> 0 | R48: =L48*Q48+M48*Q48+N48*Q48+O48*Q48+P48*Q48 -> 0
H49: =B49*G49+C49*G49+D49*G49+E49*G49+F49*G49 -> 0 | R49: =L49*Q49+M49*Q49+N49*Q49+O49*Q49+P49*Q49 -> 0
H50: =B50*G50+C50*G50+D50*G50+E50*G50+F50*G50 -> 0 | R50: =L50*Q50+M50*Q50+N50*Q50+O50*Q50+P50*Q50 -> 0
H51: =B51*G51+C51*G51+D51*G51+E51*G51+F51*G51 -> 0 | R51: =L51*Q51+M51*Q51+N51*Q51+O51*Q51+P51*Q51 -> 0
H52: =B52*G52+C52*G52+D52*G52+E52*G52+F52*G52 -> 0 | R52: =L52*Q52+M52*Q52+N52*Q52+O52*Q52+P52*Q52 -> 0
H53: =B53*G53+C53*G53+D53*G53+E53*G53+F53*G53 -> 0 | R53: =L53*Q53+M53*Q53+N53*Q53+O53*Q53+P53*Q53 -> 0
H54: =B54*G54+C54*G54+D54*G54+E54*G54+F54*G54 -> 0 | R54: =L54*Q54+M54*Q54+N54*Q54+O54*Q54+P54*Q54 -> 0
... H85: =B85*G85+C85*G85+D85*G85+E85*G85+F85*G85 -> 0 | R85: =L85*Q85+M85*Q85+N85*Q85+O85*Q85+P85*Q85 -> 0
B86: =SUM(B3:B85) -> 20500 | C86: =SUM(C3:C85) -> 0 | D86: =SUM(D3:D85) -> 5000 | E86: =SUM(E3:E85) -> 0 | F86: =SUM(F3:F85) -> 0 | L86: =SUM(L3:L85) -> 20500 | M86: =SUM(M3:M85) -> 0 | N86: =SUM(N3:N85) -> 5000 | O86: =SUM(O3:O85) -> 0 | P86: =SUM(P3:P85) -> 0

Sheet ОПТТОРГ
A1: дата поставки | B1: арахис, кг | C1: арахис целый, кг | D1: арахис сплит, кг | G1: цена | H1: на сумму | J1: дата выдачи на пр-во | K1: арахис, кг | L1: арахис целый, кг | M1: арахис сплит, кг | P1: цена | Q1: на сумму | S1: арахис, кг | T1: арахис целый, кг | U1: арахис сплит, кг
A2: 2025 год | J2: 2025 год | S2: =0+B86-K86 -> 9000 | T2: =0+C86-L86 -> 0 | U2: =0+D86-M86 -> 0
H3: =B3*G3+C3*G3+D3*G3+E3*G3+F3*G3 -> 0 | S3: 143
A4: 16 мая | B4: 10000 | G4: 143 | H4: =B4*G4+C4*G4+D4*G4+E4*G4+F4*G4 -> 1430000 | J4: 21 мая | K4: 1000 | P4: 143 | Q4: =K4*P4 -> 143000 | S4: =S2*S3 -> 1287000 | T4: =T2*T3 -> 0 | U4: =U2*U3 -> 0
H5: =B5*G5+C5*G5+D5*G5+E5*G5+F5*G5 -> 0
H6: =B6*G6+C6*G6+D6*G6+E6*G6+F6*G6 -> 0
H7: =B7*G7+C7*G7+D7*G7+E7*G7+F7*G7 -> 0
H8: =B8*G8+C8*G8+D8*G8+E8*G8+F8*G8 -> 0
H9: =B9*G9+C9*G9+D9*G9+E9*G9+F9*G9 -> 0
H10: =B10*G10+C10*G10+D10*G10+E10*G10+F10*G10 -> 0
H11: =B11*G11+C11*G11+D11*G11+E11*G11+F11*G11 -> 0
H12: =B12*G12+C12*G12+D12*G12+E12*G12+F12*G12 -> 0
H13: =B13*G13+C13*G13+D13*G13+E13*G13+F13*G13 -> 0 | Q13: =K13*P13 -> 0
H14: =B14*G14+C14*G14+D14*G14+E14*G14+F14*G14 -> 0 | Q14: =K14*P14 -> 0
H15: =B15*G15+C15*G15+D15*G15+E15*G15+F15*G15 -> 0 | Q15: =K15*P15 -> 0
H16: =B16*G16+C16*G16+D16*G16+E16*G16+F16*G16 -> 0 | Q16: =K16*P16 -> 0
H17: =B17*G17+C17*G17+D17*G17+E17*G17+F17*G17 -> 0 | Q17: =K17*P17 -> 0
H18: =B18*G18+C18*G18+D18*G18+E18*G18+F18*G18 -> 0 | Q18: =K18*P18 -> 0
H19: =B19*G19+C19*G19+D19*G19+E19*G19+F19*G19 -> 0 | Q19: =K19*P19 -> 0
H20: =B20*G20+C20*G20+D20*G20+E20*G20+F20*G20 -> 0 | Q20: =K20*P20 -> 0
H21: =B21*G21+C21*G21+D21*G21+E21*G21+F21*G21 -> 0 | Q21: =K21*P21 -> 0
H22: =B22*G22+C22*G22+D22*G22+E22*G22+F22*G22 -> 0 | Q22: =K22*P22 -> 0
H23: =B23*G23+C23*G23+D23*G23+E23*G23+F23*G23 -> 0 | Q23: =K23*P23 -> 0
H24: =B24*G24+C24*G24+D24*G24+E24*G24+F24*G24 -> 0 | Q24: =K24*P24 -> 0
... H42: =B42*G42+C42*G42+D42*G42+E42*G42+F42*G42 -> 0 | Q42: =K42*P42 -> 0
H43: =B43*G43+C43*G43+D43*G43+E43*G43+F43*G43 -> 0 | Q43: =K43*P43+L43*P43+M43*P43+N43*P43+O43*P43 -> 0
H44: =B44*G44+C44*G44+D44*G44+E44*G44+F44*G44 -> 0 | Q44: =K44*P44+L44*P44+M44*P44+N44*P44+O44*P44 -> 0
H45: =B45*G45+C45*G45+D45*G45+E45*G45+F45*G45 -> 0 | Q45: =K45*P45+L45*P45+M45*P45+N45*P45+O45*P45 -> 0
H46: =B46*G46+C46*G46+D46*G46+E46*G46+F46*G46 -> 0 | Q46: =K46*P46+L46*P46+M46*P46+N46*P46+O46*P46 -> 0
H47: =B47*G47+C47*G47+D47*G47+E47*G47+F47*G47 -> 0 | Q47: =K47*P47+L47*P47+M47*P47+N47*P47+O47*P47 -> 0
H48: =B48*G48+C48*G48+D48*G48+E48*G48+F48*G48 -> 0 | Q48: =K48*P48+L48*P48+M48*P48+N48*P48+O48*P48 -> 0
H49: =B49*G49+C49*G49+D49*G49+E49*G49+F49*G49 -> 0 | Q49: =K49*P49+L49*P49+M49*P49+N49*P49+O49*P49 -> 0
H50: =B50*G50+C50*G50+D50*G50+E50*G50+F50*G50 -> 0 | Q50: =K50*P50+L50*P50+M50*P50+N50*P50+O50*P50 -> 0
H51: =B51*G51+C51*G51+D51*G51+E51*G51+F51*G51 -> 0 | Q51: =K51*P51+L51*P51+M51*P51+N51*P51+O51*P51 -> 0
H52: =B52*G52+C52*G52+D52*G52+E52*G52+F52*G52 -> 0 | Q52: =K52*P52+L52*P52+M52*P52+N52*P52+O52*P52 -> 0
H53: =B53*G53+C53*G53+D53*G53+E53*G53+F53*G53 -> 0 | Q53: =K53*P53+L53*P53+M53*P53+N53*P53+O53*P53 -> 0
H54: =B54*G54+C54*G54+D54*G54+E54*G54+F54*G54 -> 0 | Q54: =K54*P54+L54*P54+M54*P54+N54*P54+O54*P54 -> 0
... H85: =B85*G85+C85*G85+D85*G85+E85*G85+F85*G85 -> 0 | Q85: =K85*P85+L85*P85+M85*P85+N85*P85+O85*P85 -> 0
B86: =SUM(B3:B85) -> 10000 | C86: =SUM(C3:C85) -> 0 | D86: =SUM(D3:D85) -> 0 | E86: =SUM(E3:E85) -> 0 | F86: =SUM(F3:F85) -> 0 | K86: =SUM(K3:K85) -> 1000 | L86: =SUM(L3:L85) -> 0 | M86: =SUM(M3:M85) -> 0 | N86: =SUM(N3:N85) -> 0 | O86: =SUM(O3:O85) -> 0

Sheet АгроТрейд
A1: дата поставки | B1: арахис, кг | C1: арахис целый, кг | D1: арахис сплит, кг | G1: цена | H1: на сумму | J1: дата выдачи на пр-во | K1: арахис, кг | L1: арахис сырой (индия)целый, кг | M1: арахис сплит, кг | P1: цена | Q1: на сумму | S1: арахис, кг | T1: арахис целый, кг | U1: арахис сплит, кг
A2: 2024 год | J2: 2024 год | S2: =0+B118-K118 -> 0 | T2: =0+C118-L118 -> -75 | U2: =0+D118-M118 -> 0
A3: 45508 | B3: 9920 | G3: 157.716 | H3: =B3*G3 -> 1564542.7 | S3: 171.996 | T3: 152.5 | U3: 207.796
H4: =B4*G4 -> 0 | J4: 45512 | K4: 30 | P4: 157.716 | Q4: =K4*P4 -> 4731.48 | S4: =S2*S3 -> 0 | T4: =T2*T3 -> -11437.5 | U4: =U2*U3 -> 0
H5: =B5*G5 -> 0 | J5: 45535 | K5: 35 | P5: 157.716 | Q5: =K5*P5 -> 5520.06
H6: =B6*G6 -> 0 | J6: 45545 | K6: 3 | P6: 157.716 | Q6: =K6*P6 -> 473.148
H7: =B7*G7 -> 0 | J7: 45551 | K7: 5 | P7: 157.716 | Q7: =K7*P7 -> 788.58
H8: =B8*G8 -> 0 | J8: 45558 | K8: 36 | P8: 157.716 | Q8: =K8*P8 -> 5677.776
H9: =B9*G9 -> 0 | J9: 45560 | K9: 36 | P9: 157.716 | Q9: =K9*P9 -> 5677.776
H10: =B10*G10 -> 0 | J10: 45561 | K10: 17 | P10: 157.716 | Q10: =K10*P10 -> 2681.172
H11: =B11*G11 -> 0 | J11: 45566 | K11: 1 | P11: 157.716 | Q11: =K11*P11 -> 157.716
H12: =B12*G12 -> 0 | J12: 45567 | K12: 75 | P12: 157.716 | Q12: =K12*P12 -> 11828.7
H13: =B13*G13 -> 0 | J13: 45568 | K13: 150 | P13: 157.716 | Q13: =K13*P13 -> 23657.4
H14: =B14*G14 -> 0 | J14: 45569 | K14: 107 | P14: 157.716 | Q14: =K14*P14 -> 16875.612
H15: =B15*G15 -> 0 | J15: 45572 | K15: 375 | P15: 157.716 | Q15: =K15*P15 -> 59143.5
H16: =B16*G16 -> 0 | J16: 45580 | K16: 100 | P16: 157.716 | Q16: =K16*P16 -> 15771.6
... H41: =B41*G41 -> 0 | J41: 46015 | K41: 250 | P41: 157.716 | Q41: =K41*P41 -> 39429
A42: 2025 год | H42: =B42*G42 -> 0 | J42: 2025 год | Q42: =K42*P42 -> 0
H43: =B43*G43+C43*G43+D43*G43+E43*G43+F43*G43 -> 0 | J43: 45666 | K43: 550 | P43: 157.716 | Q43: =K43*P43+L43*P43+M43*P43+N43*P43+O43*P43 -> 86743.8
H44: =B44*G44+C44*G44+D44*G44+E44*G44+F44*G44 -> 0 | J44: 45667 | K44: 175 | P44: 157.716 | Q44: =K44*P44+L44*P44+M44*P44+N44*P44+O44*P44 -> 27600.3
H45: =B45*G45+C45*G45+D45*G45+E45*G45+F45*G45 -> 0 | J45: 45671 | K45: 75 | P45: 157.716 | Q45: =K45*P45+L45*P45+M45*P45+N45*P45+O45*P45 -> 11828.7
H46: =B46*G46+C46*G46+D46*G46+E46*G46+F46*G46 -> 0 | J46: 45672 | K46: 300 | P46: 157.716 | Q46: =K46*P46+L46*P46+M46*P46+N46*P46+O46*P46 -> 47314.8
H47: =B47*G47+C47*G47+D47*G47+E47*G47+F47*G47 -> 0 | J47: 45673 | K47: 675 | P47: 157.716 | Q47: =K47*P47+L47*P47+M47*P47+N47*P47+O47*P47 -> 106458.3
H48: =B48*G48+C48*G48+D48*G48+E48*G48+F48*G48 -> 0 | J48: 45674 | K48: 25 | P48: 157.716 | Q48: =K48*P48+L48*P48+M48*P48+N48*P48+O48*P48 -> 3942.9
H49: =B49*G49+C49*G49+D49*G49+E49*G49+F49*G49 -> 0 | J49: 45678 | K49: 25 | P49: 157.716 | Q49: =K49*P49+L49*P49+M49*P49+N49*P49+O49*P49 -> 3942.9
A50: 45680 | C50: 9196 | G50: 171.996 | H50: =B50*G50+C50*G50+D50*G50+E50*G50+F50*G50 -> 1581675.2 | J50: 45680 | K50: 150 | P50: 157.716 | Q50: =K50*P50+L50*P50+M50*P50+N50*P50+O50*P50 -> 23657.4
D51: 50 | G51: 208 | H51: =B51*G51+C51*G51+D51*G51+E51*G51+F51*G51 -> 10400 | J51: 45681 | K51: 100 | P51: 157.716 | Q51: =K51*P51+L51*P51+M51*P51+N51*P51+O51*P51 -> 15771.6
H52: =B52*G52+C52*G52+D52*G52+E52*G52+F52*G52 -> 0 | J52: 45684 | K52: 350 | P52: 157.716 | Q52: =K52*P52+L52*P52+M52*P52+N52*P52+O52*P52 -> 55200.6
H53: =B53*G53+C53*G53+D53*G53+E53*G53+F53*G53 -> 0 | J53: 45685 | K53: 275 | P53: 157.716 | Q53: =K53*P53+L53*P53+M53*P53+N53*P53+O53*P53 -> 43371.9
H54: =B54*G54+C54*G54+D54*G54+E54*G54+F54*G54 -> 0 | J54: 45686 | K54: 200 | P54: 157.716 | Q54: =K54*P54+L54*P54+M54*P54+N54*P54+O54*P54 -> 31543.2
H55: =B55*G55+C55*G55+D55*G55+E55*G55+F55*G55 -> 0 | L55: 150 | P55: 171.996 | Q55: =K55*P55+L55*P55+M55*P55+N55*P55+O55*P55 -> 25799.4
H56: =B56*G56+C56*G56+D56*G56+E56*G56+F56*G56 -> 0 | J56: 45687 | L56: 300 | P56: 171.996 | Q56: =K56*P56+L56*P56+M56*P56+N56*P56+O56*P56 -> 51598.8
H57: =B57*G57+C57*G57+D57*G57+E57*G57+F57*G57 -> 0 | J57: 45688 | L57: 150 | P57: 171.996 | Q57: =K57*P57+L57*P57+M57*P57+N57*P57+O57*P57 -> 25799.4
H58: =B58*G58+C58*G58+D58*G58+E58*G58+F58*G58 -> 0 | L58: 375 | P58: 171.996 | Q58: =K58*P58+L58*P58+M58*P58+N58*P58+O58*P58 -> 64498.5
H59: =B59*G59+C59*G59+D59*G59+E59*G59+F59*G59 -> 0 | J59: 45692 | L59: 375 | P59: 171.996 | Q59: =K59*P59+L59*P59+M59*P59+N59*P59+O59*P59 -> 64498.5
H60: =B60*G60+C60*G60+D60*G60+E60*G60+F60*G60 -> 0 | J60: 45693 | L60: 225 | P60: 171.996 | Q60: =K60*P60+L60*P60+M60*P60+N60*P60+O60*P60 -> 38699.1
H61: =B61*G61+C61*G61+D61*G61+E61*G61+F61*G61 -> 0 | J61: 45694 | L61: 350 | P61: 171.996 | Q61: =K61*P61+L61*P61+M61*P61+N61*P61+O61*P61 -> 60198.6
H62: =B62*G62+C62*G62+D62*G62+E62*G62+F62*G62 -> 0 | J62: 45698 | L62: 525 | P62: 171.996 | Q62: =K62*P62+L62*P62+M62*P62+N62*P62+O62*P62 -> 90297.9
H63: =B63*G63+C63*G63+D63*G63+E63*G63+F63*G63 -> 0 | J63: 45699 | L63: 500 | P63: 171.996 | Q63: =K63*P63+L63*P63+M63*P63+N63*P63+O63*P63 -> 85998
H64: =B64*G64+C64*G64+D64*G64+E64*G64+F64*G64 -> 0 | J64: 45700 | L64: 525 | P64: 171.996 | Q64: =K64*P64+L64*P64+M64*P64+N64*P64+O64*P64 -> 90297.9
H65: =B65*G65+C65*G65+D65*G65+E65*G65+F65*G65 -> 0 | J65: 45701 | L65: 375 | P65: 171.996 | Q65: =K65*P65+L65*P65+M65*P65+N65*P65+O65*P65 -> 64498.5
H66: =B66*G66+C66*G66+D66*G66+E66*G66+F66*G66 -> 0 | J66: 45702 | L66: 50 | P66: 171.996 | Q66: =K66*P66+L66*P66+M66*P66+N66*P66+O66*P66 -> 8599.8
H67: =B67*G67+C67*G67+D67*G67+E67*G67+F67*G67 -> 0 | J67: 45705 | L67: 300 | P67: 171.996 | Q67: =K67*P67+L67*P67+M67*P67+N67*P67+O67*P67 -> 51598.8
H68: =B68*G68+C68*G68+D68*G68+E68*G68+F68*G68 -> 0 | J68: 45706 | L68: 400 | P68: 171.996 | Q68: =K68*P68+L68*P68+M68*P68+N68*P68+O68*P68 -> 68798.4
H69: =B69*G69+C69*G69+D69*G69+E69*G69+F69*G69 -> 0 | J69: 45707 | L69: 250 | P69: 171.996 | Q69: =K69*P69+L69*P69+M69*P69+N69*P69+O69*P69 -> 42999
H70: =B70*G70+C70*G70+D70*G70+E70*G70+F70*G70 -> 0 | J70: 45708 | L70: 375 | P70: 171.996 | Q70: =K70*P70+L70*P70+M70*P70+N70*P70+O70*P70 -> 64498.5
... H76: =B76*G76+C76*G76+D76*G76+E76*G76+F76*G76 -> 0 | J76: 45716 | L76: 600 | P76: 171.996 | Q76: =K76*P76+L76*P76+M76*P76+N76*P76+O76*P76 -> 103197.6
H77: =B77*G77+C77*G77+D77*G77+E77*G77+F77*G77 -> 0 | J77: март | Q77: =K77*P77+L77*P77+M77*P77+N77*P77+O77*P77 -> 0
H78: =B78*G78+C78*G78+D78*G78+E78*G78+F78*G78 -> 0 | J78: 45720 | L78: 500 | P78: 171.996 | Q78: =K78*P78+L78*P78+M78*P78+N78*P78+O78*P78 -> 85998
H79: =B79*G79+C79*G79+D79*G79+E79*G79+F79*G79 -> 0 | J79: 45721 | L79: 221 | P79: 171.996 | Q79: =K79*P79+L79*P79+M79*P79+N79*P79+O79*P79 -> 38011.116
A80: 45726 | C80: 10000 | G80: 155 | H80: =B80*G80+C80*G80+D80*G80+E80*G80+F80*G80 -> 1550000 | J80: 45726 | L80: 1050 | P80: 155 | Q80: =K80*P80+L80*P80+M80*P80+N80*P80+O80*P80 -> 162750
H81: =B81*G81+C81*G81+D81*G81+E81*G81+F81*G81 -> 0 | J81: 45727 | L81: 800 | P81: 155 | Q81: =K81*P81+L81*P81+M81*P81+N81*P81+O81*P81 -> 124000
H82: =B82*G82+C82*G82+D82*G82+E82*G82+F82*G82 -> 0 | J82: 45729 | L82: 750 | P82: 155 | Q82: =K82*P82+L82*P82+M82*P82+N82*P82+O82*P82 -> 116250
H83: =B83*G83+C83*G83+D83*G83+E83*G83+F83*G83 -> 0 | J83: 45730 | L83: 75 | P83: 155 | Q83: =K83*P83+L83*P83+M83*P83+N83*P83+O83*P83 -> 11625
H84: =B84*G84+C84*G84+D84*G84+E84*G84+F84*G84 -> 0 | J84: 45733 | L84: 1000 | P84: 155 | Q84: =K84*P84+L84*P84+M84*P84+N84*P84+O84*P84 -> 155000
H85: =B85*G85+C85*G85+D85*G85+E85*G85+F85*G85 -> 0 | J85: 45734 | L85: 425 | P85: 155 | Q85: =K85*P85+L85*P85+M85*P85+N85*P85+O85*P85 -> 65875
H86: =B86*G86+C86*G86+D86*G86+E86*G86+F86*G86 -> 0 | J86: 45735 | L86: 1400 | P86: 155 | Q86: =K86*P86+L86*P86+M86*P86+N86*P86+O86*P86 -> 217000
H87: =B87*G87+C87*G87+D87*G87+E87*G87+F87*G87 -> 0 | J87: 45736 | L87: 750 | P87: 155 | Q87: =K87*P87+L87*P87+M87*P87+N87*P87+O87*P87 -> 116250
A88: за янв 2025 | B88: 700 | G88: 171.996 | H88: =B88*G88+C88*G88+D88*G88+E88*G88+F88*G88 -> 120397.2 | J88: 45737 | K88: 700 | P88: 171.996 | Q88: =K88*P88+L88*P88+M88*P88+N88*P88+O88*P88 -> 120397.2
H89: =B89*G89+C89*G89+D89*G89+E89*G89+F89*G89 -> 0 | L89: 750 | P89: 155 | Q89: =K89*P89+L89*P89+M89*P89+N89*P89+O89*P89 -> 116250
H90: =B90*G90+C90*G90+D90*G90+E90*G90+F90*G90 -> 0 | J90: 45740 | L90: 50 | P90: 155 | Q90: =K90*P90+L90*P90+M90*P90+N90*P90+O90*P90 -> 7750
H91: =B91*G91+C91*G91+D91*G91+E91*G91+F91*G91 -> 0 | J91: 45741 | L91: 1050 | P91: 155 | Q91: =K91*P91+L91*P91+M91*P91+N91*P91+O91*P91 -> 162750
A92: 45742 | C92: 9900 | G92: 155 | H92: =B92*G92+C92*G92+D92*G92+E92*G92+F92*G92 -> 1534500 | J92: 45742 | L92: 750 | P92: 155 | Q92: =K92*P92+L92*P92+M92*P92+N92*P92+O92*P92 -> 116250
H93: =B93*G93+C93*G93+D93*G93+E93*G93+F93*G93 -> 0 | J93: 45743 | M93: 50 | P93: 208 | Q93: =K93*P93+L93*P93+M93*P93+N93*P93+O93*P93 -> 10400
H94: =B94*G94+C94*G94+D94*G94+E94*G94+F94*G94 -> 0 | J94: 45744 | L94: 850 | P94: 155 | Q94: =K94*P94+L94*P94+M94*P94+N94*P94+O94*P94 -> 131750
H95: =B95*G95+C95*G95+D95*G95+E95*G95+F95*G95 -> 0 | J95: 45747 | L95: 1000 | P95: 155 | Q95: =K95*P95+L95*P95+M95*P95+N95*P95+O95*P95 -> 155000
H96: =B96*G96+C96*G96+D96*G96+E96*G96+F96*G96 -> 0 | J96: апрель | Q96: =K96*P96+L96*P96+M96*P96+N96*P96+O96*P96 -> 0
H97: =B97*G97+C97*G97+D97*G97+E97*G97+F97*G97 -> 0 | J97: 45748 | L97: 125 | P97: 155 | Q97: =K97*P97+L97*P97+M97*P97+N97*P97+O97*P97 -> 19375
H98: =B98*G98+C98*G98+D98*G98+E98*G98+F98*G98 -> 0 | J98: 45749 | L98: 25 | P98: 155 | Q98: =K98*P98+L98*P98+M98*P98+N98*P98+O98*P98 -> 3875
H99: =B99*G99+C99*G99+D99*G99+E99*G99+F99*G99 -> 0 | J99: 45750 | L99: 875 | P99: 155 | Q99: =K99*P99+L99*P99+M99*P99+N99*P99+O99*P99 -> 135625
H100: =B100*G100+C100*G100+D100*G100+E100*G100+F100*G100 -> 0 | J100: 45751 | L100: 1000 | P100: 155 | Q100: =K100*P100+L100*P100+M100*P100+N100*P100+O100*P100 -> 155000
H101: =B101*G101+C101*G101+D101*G101+E101*G101+F101*G101 -> 0 | J101: 45754 | L101: 975 | P101: 155 | Q101: =K101*P101+L101*P101+M101*P101+N101*P101+O101*P101 -> 151125
H102: =B102*G102+C102*G102+D102*G102+E102*G102+F102*G102 -> 0 | J102: 45755 | L102: 1000 | P102: 155 | Q102: =K102*P102+L102*P102+M102*P102+N102*P102+O102*P102 -> 155000
H103: =B103*G103+C103*G103+D103*G103+E103*G103+F103*G103 -> 0 | J103: 45757 | L103: 1000 | P103: 155 | Q103: =K103*P103+L103*P103+M103*P103+N103*P103+O103*P103 -> 155000
H104: =B104*G104+C104*G104+D104*G104+E104*G104+F104*G104 -> 0 | J104: 11-14.04 | L104: 2200 | P104: 155 | Q104: =K104*P104+L104*P104+M104*P104+N104*P104+O104*P104 -> 341000
H105: =B105*G105+C105*G105+D105*G105+E105*G105+F105*G105 -> 0 | J105: 45762 | L105: 1000 | P105: 155 | Q105: =K105*P105+L105*P105+M105*P105+N105*P105+O105*P105 -> 155000
H106: =B106*G106+C106*G106+D106*G106+E106*G106+F106*G106 -> 0 | J106: 45764 | L106: 1000 | P106: 155 | Q106: =K106*P106+L106*P106+M106*P106+N106*P106+O106*P106 -> 155000
A107: 45768 | C107: 10000 | G107: 152.5 | H107: =B107*G107+C107*G107+D107*G107+E107*G107+F107*G107 -> 1525000 | J107: 45768 | L107: 1825 | P107: 152.5 | Q107: =K107*P107+L107*P107+M107*P107+N107*P107+O107*P107 -> 278312.5
H108: =B108*G108+C108*G108+D108*G108+E108*G108+F108*G108 -> 0 | J108: 45772 | L108: 750 | P108: 152.5 | Q108: =K108*P108+L108*P108+M108*P108+N108*P108+O108*P108 -> 114375
H109: =B109*G109+C109*G109+D109*G109+E109*G109+F109*G109 -> 0 | J109: 45775 | L109: 2250 | P109: 152.5 | Q109: =K109*P109+L109*P109+M109*P109+N109*P109+O109*P109 -> 343125
H110: =B110*G110+C110*G110+D110*G110+E110*G110+F110*G110 -> 0 | J110: 45776 | L110: 750 | P110: 152.5 | Q110: =K110*P110+L110*P110+M110*P110+N110*P110+O110*P110 -> 114375
H111: =B111*G111+C111*G111+D111*G111+E111*G111+F111*G111 -> 0 | J111: 45777 | L111: 750 | P111: 152.5 | Q111: =K111*P111+L111*P111+M111*P111+N111*P111+O111*P111 -> 114375
H112: =B112*G112+C112*G112+D112*G112+E112*G112+F112*G112 -> 0 | J112: 01-04 мая | L112: 1500 | P112: 152.5 | Q112: =K112*P112+L112*P112+M112*P112+N112*P112+O112*P112 -> 228750
H113: =B113*G113+C113*G113+D113*G113+E113*G113+F113*G113 -> 0 | J113: 06 мая | L113: 750 | P113: 152.5 | Q113: =K113*P113+L113*P113+M113*P113+N113*P113+O113*P113 -> 114375
H114: =B114*G114+C114*G114+D114*G114+E114*G114+F114*G114 -> 0 | J114: 07 мая | L114: 750 | P114: 152.5 | Q114: =K114*P114+L114*P114+M114*P114+N114*P114+O114*P114 -> 114375
H115: =B115*G115+C115*G115+D115*G115+E115*G115+F115*G115 -> 0 | J115: 12 мая | L115: 750 | P115: 152.5 | Q115: =K115*P115+L115*P115+M115*P115+N115*P115+O115*P115 -> 114375
H116: =B116*G116+C116*G116+D116*G116+E116*G116+F116*G116 -> 0 | Q116: =K116*P116+L116*P116+M116*P116+N116*P116+O116*P116 -> 0
H117: =B117*G117+C117*G117+D117*G117+E117*G117+F117*G117 -> 0 | Q117: =K117*P117+L117*P117+M117*P117+N117*P117+O117*P117 -> 0
B118: =SUM(B3:B117) -> 10620 | C118: =SUM(C3:C117) -> 39096 | D118: =SUM(D3:D117) -> 50 | E118: =SUM(E3:E117) -> 0 | F118: =SUM(F3:F117) -> 0 | K118: =SUM(K3:K117) -> 10620 | L118: =SUM(L3:L117) -> 39171 | M118: =SUM(M3:M117) -> 50 | N118: =SUM(N3:N117) -> 0 | O118: =SUM(O3:O117) -> 0

Sheet Академия-Т
A1: дата поставки | B1: Гуммиарабик Инст ВА | C1: мука, кг | D1: цена | E1: на сумму | G1: дата выдачи на пр-во | H1: в чей подотчет | I1: Гуммиарабик Инст ВА | J1: мука, кг | K1: цена | L1: на сумму | O1: Гуммиарабик Инст ВА | P1: мука, кг
A2: 2024 год | G2: 2024 год | O2: =0+B53-I53 -> 0 | P2: =0+C53-J53 -> 0
A3: 45643 | B3: 25 | D3: 851.495 | E3: =B3*D3+C3*D3 -> 21287.375 | O3: 851.495 | P3: 27
E4: =B4*D4+C4*D4 -> 0 | G4: 45726 | H4: Захаров | I4: 25 | K4: 851.5 | L4: =I4*K4+J4*K4 -> 21287.5 | O4: =O2*O3 -> 0 | P4: =P2*P3 -> 0
E5: =B5*D5+C5*D5 -> 0 | L5: =I5*K5+J5*K5 -> 0
E6: =B6*D6+C6*D6 -> 0 | L6: =I6*K6+J6*K6 -> 0
E7: =B7*D7+C7*D7 -> 0 | L7: =I7*K7+J7*K7 -> 0
E8: =B8*D8+C8*D8 -> 0 | L8: =I8*K8+J8*K8 -> 0
E9: =B9*D9+C9*D9 -> 0 | L9: =I9*K9+J9*K9 -> 0
E10: =B10*D10+C10*D10 -> 0 | L10: =I10*K10+J10*K10 -> 0
E11: =B11*D11+C11*D11 -> 0 | L11: =I11*K11+J11*K11 -> 0
E12: =B12*D12+C12*D12 -> 0 | L12: =I12*K12+J12*K12 -> 0
E13: =B13*D13+C13*D13 -> 0 | L13: =I13*K13+J13*K13 -> 0
E14: =B14*D14+C14*D14 -> 0 | L14: =I14*K14+J14*K14 -> 0
E15: =B15*D15+C15*D15 -> 0 | L15: =I15*K15+J15*K15 -> 0
E16: =B16*D16+C16*D16 -> 0 | L16: =I16*K16+J16*K16 -> 0
... E52: =B52*D52+C52*D52 -> 0 | L52: =I52*K52+J52*K52 -> 0
B53: =SUM(B3:B52) -> 25 | C53: =SUM(C3:C52) -> 0 | I53: =SUM(I3:I52) -> 25 | J53: =SUM(J3:J52) -> 0

Sheet ВМ Ингредиент
A1: дата поставки | B1: Аромат сыр сливоч | C1: Аромат барбекю | D1: Аромат сыр с халапеньо | E1: Краситель желтый закат | F1: Краситель тартразин | G1: Краситель зеленое яблоко | H1: Краситель понсо | I1: Краситель понсо2 | J1: Краситель тартразин2 | K1: цена | L1: на сумму | N1: дата выдачи на пр-во | O1: Аромат сыр сливоч | P1: Аромат барбекю | Q1: Аромат сыр с халапеньо | R1: Краситель желтый закат | S1: Краситель тартразин | T1: Краситель зеленое яблоко | U1: Краситель понсо | V1: Краситель понсо2 | W1: Краситель тартразин2 | X1: цена | Y1: на сумму | AA1: Аромат сыр сливоч | AB1: Аромат барбекю | AC1: Аромат сыр с халапеньо | AD1: Краситель желтый закат | AE1: Краситель тартразин | AF1: Краситель зеленое яблоко | AG1: Краситель понсо | AH1: Краситель понсо2 | AI1: Краситель тартразин2
A2: 2024 год | N2: 2024 год | AA2: =0+B114-O114 -> 100 | AB2: =0+C114-P114 -> 0 | AC2: =0+D114-Q114 -> 0 | AD2: =0+E114-R114 -> 0 | AE2: =0+F114-S114 -> 0 | AF2: =0+G114-T114 -> 2 | AG2: =H114-U114 -> 2 | AH2: =0+I114-V114 -> 6 | AI2: =0+J114-W114 -> 1
A3: 45524 | C3: 125 | K3: 312 | L3: =B3*K3+C3*K3+D3*K3+E3*K3+F3*K3+G3*K3+H3*K3+I3*K3+J3*K3 -> 39000 | P3: 0.12 | X3: 312 | Y3: =O3*X3+P3*X3+Q3*X3+R3*X3+S3*X3+T3*X3+U3*X3+V3*X3+W3*X3 -> 37.44 | AA3: 384 | AB3: 312 | AC3: 470.4 | AD3: 1465.2 | AE3: 1200 | AF3: 2070 | AG3: 1758 | AH3: 2142 | AI3: 1585.2
D4: 125 | K4: 470.4 | L4: =B4*K4+C4*K4+D4*K4+E4*K4+F4*K4+G4*K4+H4*K4+I4*K4+J4*K4 -> 58800 | Q4: 0.12 | X4: 470.4 | Y4: =O4*X4+P4*X4+Q4*X4+R4*X4+S4*X4+T4*X4+U4*X4+V4*X4+W4*X4 -> 56.448 | AA4: =AA2*AA3 -> 38400 | AB4: =AB2*AB3 -> 0 | AC4: =AC2*AC3 -> 0 | AD4: =AD2*AD3 -> 0 | AE4: =AE2*AE3 -> 0 | AF4: =AF2*AF3 -> 4140 | AG4: =AG2*AG3 -> 3516 | AH4: =AH2*AH3 -> 12852 | AI4: =AI2*AI3 -> 1585.2
E5: 3 | K5: 1200 | L5: =B5*K5+C5*K5+D5*K5+E5*K5+F5*K5+G5*K5+H5*K5+I5*K5+J5*K5 -> 3600 | N5: 45535 | P5: 0.06 | X5: 312 | Y5: =O5*X5+P5*X5+Q5*X5+R5*X5+S5*X5+T5*X5+U5*X5+V5*X5+W5*X5 -> 18.72
F6: 3 | K6: 1200 | L6: =B6*K6+C6*K6+D6*K6+E6*K6+F6*K6+G6*K6+H6*K6+I6*K6+J6*K6 -> 3600 | Q6: 0.06 | X6: 470.4 | Y6: =O6*X6+P6*X6+Q6*X6+R6*X6+S6*X6+T6*X6+U6*X6+V6*X6+W6*X6 -> 28.224
G7: 3 | K7: 1596 | L7: =B7*K7+C7*K7+D7*K7+E7*K7+F7*K7+G7*K7+H7*K7+I7*K7+J7*K7 -> 4788 | N7: 45545 | P7: 0.6 | X7: 312 | Y7: =O7*X7+P7*X7+Q7*X7+R7*X7+S7*X7+T7*X7+U7*X7+V7*X7+W7*X7 -> 187.2
L8: =B8*K8+C8*K8+D8*K8+E8*K8+F8*K8+G8*K8+H8*K8+I8*K8+J8*K8 -> 0 | Q8: 0.6 | X8: 470.4 | Y8: =O8*X8+P8*X8+Q8*X8+R8*X8+S8*X8+T8*X8+U8*X8+V8*X8+W8*X8 -> 282.24
L9: =B9*K9+C9*K9+D9*K9+E9*K9+F9*K9+G9*K9+H9*K9+I9*K9+J9*K9 -> 0 | N9: 45551 | P9: 0.5 | X9: 312 | Y9: =O9*X9+P9*X9+Q9*X9+R9*X9+S9*X9+T9*X9+U9*X9+V9*X9+W9*X9 -> 156
L10: =B10*K10+C10*K10+D10*K10+E10*K10+F10*K10+G10*K10+H10*K10+I10*K10+J10*K10 -> 0 | Q10: 0.5 | X10: 470.4 | Y10: =O10*X10+P10*X10+Q10*X10+R10*X10+S10*X10+T10*X10+U10*X10+V10*X10+W10*X10 -> 235.2
L11: =B11*K11+C11*K11+D11*K11+E11*K11+F11*K11+G11*K11+H11*K11+I11*K11+J11*K11 -> 0 | N11: 45558 | X11: 1200 | Y11: =O11*X11+P11*X11+Q11*X11+R11*X11+S11*X11+T11*X11+U11*X11+V11*X11+W11*X11 -> 0 | Z11: 0.045
L12: =B12*K12+C12*K12+D12*K12+E12*K12+F12*K12+G12*K12+H12*K12+I12*K12+J12*K12 -> 0 | P12: 0.5 | X12: 312 | Y12: =O12*X12+P12*X12+Q12*X12+R12*X12+S12*X12+T12*X12+U12*X12+V12*X12+W12*X12 -> 156
L13: =B13*K13+C13*K13+D13*K13+E13*K13+F13*K13+G13*K13+H13*K13+I13*K13+J13*K13 -> 0 | N13: 45560 | S13: 0.06 | X13: 1200 | Y13: =O13*X13+P13*X13+Q13*X13+R13*X13+S13*X13+T13*X13+U13*X13+V13*X13+W13*X13 -> 72
L14: =B14*K14+C14*K14+D14*K14+E14*K14+F14*K14+G14*K14+H14*K14+I14*K14+J14*K14 -> 0 | P14: 1 | X14: 312 | Y14: =O14*X14+P14*X14+Q14*X14+R14*X14+S14*X14+T14*X14+U14*X14+V14*X14+W14*X14 -> 312
L15: =B15*K15+C15*K15+D15*K15+E15*K15+F15*K15+G15*K15+H15*K15+I15*K15+J15*K15 -> 0 | Q15: 1 | X15: 470.4 | Y15: =O15*X15+P15*X15+Q15*X15+R15*X15+S15*X15+T15*X15+U15*X15+V15*X15+W15*X15 -> 470.4
L16: =B16*K16+C16*K16+D16*K16+E16*K16+F16*K16+G16*K16+H16*K16+I16*K16+J16*K16 -> 0 | R16: 0.06 | X16: 1200 | Y16: =O16*X16+P16*X16+Q16*X16+R16*X16+S16*X16+T16*X16+U16*X16+V16*X16+W16*X16 -> 72
L17: =B17*K17+C17*K17+D17*K17+E17*K17+F17*K17+G17*K17+H17*K17+I17*K17+J17*K17 -> 0 | N17: 45567 | S17: 0.09 | X17: 1200 | Y17: =O17*X17+P17*X17+Q17*X17+R17*X17+S17*X17+T17*X17+U17*X17+V17*X17+W17*X17 -> 108
L18: =B18*K18+C18*K18+D18*K18+E18*K18+F18*K18+G18*K18+H18*K18+I18*K18+J18*K18 -> 0 | N18: 45568 | S18: 0.15 | X18: 1200 | Y18: =O18*X18+P18*X18+Q18*X18+R18*X18+S18*X18+T18*X18+U18*X18+V18*X18+W18*X18 -> 180
L19: =B19*K19+C19*K19+D19*K19+E19*K19+F19*K19+G19*K19+H19*K19+I19*K19+J19*K19 -> 0 | Q19: 9 | X19: 470 | Y19: =O19*X19+P19*X19+Q19*X19+R19*X19+S19*X19+T19*X19+U19*X19+V19*X19+W19*X19 -> 4230
L20: =B20*K20+C20*K20+D20*K20+E20*K20+F20*K20+G20*K20+H20*K20+I20*K20+J20*K20 -> 0 | N20: 45603 | T20: 0.47 | X20: 1596 | Y20: =O20*X20+P20*X20+Q20*X20+R20*X20+S20*X20+T20*X20+U20*X20+V20*X20+W20*X20 -> 750.12
L21: =B21*K21+C21*K21+D21*K21+E21*K21+F21*K21+G21*K21+H21*K21+I21*K21+J21*K21 -> 0 | N21: 45576 | T21: 0.53 | X21: 1596 | Y21: =O21*X21+P21*X21+Q21*X21+R21*X21+S21*X21+T21*X21+U21*X21+V21*X21+W21*X21 -> 845.88
L22: =B22*K22+C22*K22+D22*K22+E22*K22+F22*K22+G22*K22+H22*K22+I22*K22+J22*K22 -> 0 | R22: 0.9 | X22: 1200 | Y22: =O22*X22+P22*X22+Q22*X22+R22*X22+S22*X22+T22*X22+U22*X22+V22*X22+W22*X22 -> 1080
L23: =B23*K23+C23*K23+D23*K23+E23*K23+F23*K23+G23*K23+H23*K23+I23*K23+J23*K23 -> 0 | S23: 0.7 | X23: 1200 | Y23: =O23*X23+P23*X23+Q23*X23+R23*X23+S23*X23+T23*X23+U23*X23+V23*X23+W23*X23 -> 840
L24: =B24*K24+C24*K24+D24*K24+E24*K24+F24*K24+G24*K24+H24*K24+I24*K24+J24*K24 -> 0 | Q24: 38.72 | X24: 470.4 | Y24: =O24*X24+P24*X24+Q24*X24+R24*X24+S24*X24+T24*X24+U24*X24+V24*X24+W24*X24 -> 18213.888
L25: =B25*K25+C25*K25+D25*K25+E25*K25+F25*K25+G25*K25+H25*K25+I25*K25+J25*K25 -> 0 | N25: 45583 | R25: 0 | S25: 0 | X25: 1200 | Y25: =O25*X25+P25*X25+Q25*X25+R25*X25+S25*X25+T25*X25+U25*X25+V25*X25+W25*X25 -> 0
L26: =B26*K26+C26*K26+D26*K26+E26*K26+F26*K26+G26*K26+H26*K26+I26*K26+J26*K26 -> 0 | P26: 17 | X26: 312 | Y26: =O26*X26+P26*X26+Q26*X26+R26*X26+S26*X26+T26*X26+U26*X26+V26*X26+W26*X26 -> 5304
L27: =B27*K27+C27*K27+D27*K27+E27*K27+F27*K27+G27*K27+H27*K27+I27*K27+J27*K27 -> 0 | Q27: 17 | X27: 470.4 | Y27: =O27*X27+P27*X27+Q27*X27+R27*X27+S27*X27+T27*X27+U27*X27+V27*X27+W27*X27 -> 7996.8
L28: =B28*K28+C28*K28+D28*K28+E28*K28+F28*K28+G28*K28+H28*K28+I28*K28+J28*K28 -> 0 | N28: 45584 | P28: 1 | X28: 312 | Y28: =O28*X28+P28*X28+Q28*X28+R28*X28+S28*X28+T28*X28+U28*X28+V28*X28+W28*X28 -> 312
L29: =B29*K29+C29*K29+D29*K29+E29*K29+F29*K29+G29*K29+H29*K29+I29*K29+J29*K29 -> 0 | R29: 0 | X29: 1200 | Y29: =O29*X29+P29*X29+Q29*X29+R29*X29+S29*X29+T29*X29+U29*X29+V29*X29+W29*X29 -> 0
L30: =B30*K30+C30*K30+D30*K30+E30*K30+F30*K30+G30*K30+H30*K30+I30*K30+J30*K30 -> 0 | N30: 45586 | R30: 0 | X30: 1200 | Y30: =O30*X30+P30*X30+Q30*X30+R30*X30+S30*X30+T30*X30+U30*X30+V30*X30+W30*X30 -> 0
L31: =B31*K31+C31*K31+D31*K31+E31*K31+F31*K31+G31*K31+H31*K31+I31*K31+J31*K31 -> 0 | N31: 45587 | R31: 0.04 | X31: 1200 | Y31: =O31*X31+P31*X31+Q31*X31+R31*X31+S31*X31+T31*X31+U31*X31+V31*X31+W31*X31 -> 48
L32: =B32*K32+C32*K32+D32*K32+E32*K32+F32*K32+G32*K32+H32*K32+I32*K32+J32*K32 -> 0 | N32: 45589 | R32: 0 | S32: 0 | X32: 1200 | Y32: =O32*X32+P32*X32+Q32*X32+R32*X32+S32*X32+T32*X32+U32*X32+V32*X32+W32*X32 -> 0
L33: =B33*K33+C33*K33+D33*K33+E33*K33+F33*K33+G33*K33+H33*K33+I33*K33+J33*K33 -> 0 | N33: 45594 | P33: 29.22 | X33: 312 | Y33: =O33*X33+P33*X33+Q33*X33+R33*X33+S33*X33+T33*X33+U33*X33+V33*X33+W33*X33 -> 9116.64
A34: 45602 | B34: 25 | K34: 350.4 | L34: =B34*K34+C34*K34+D34*K34+E34*K34+F34*K34+G34*K34+H34*K34+I34*K34+J34*K34 -> 8760 | Q34: 8 | X34: 470.4 | Y34: =O34*X34+P34*X34+Q34*X34+R34*X34+S34*X34+T34*X34+U34*X34+V34*X34+W34*X34 -> 3763.2
H35: 3 | K35: 1758 | L35: =B35*K35+C35*K35+D35*K35+E35*K35+F35*K35+G35*K35+H35*K35+I35*K35+J35*K35 -> 5274 | N35: 45602 | O35: 25 | X35: 350.4 | Y35: =O35*X35+P35*X35+Q35*X35+R35*X35+S35*X35+T35*X35+U35*X35+V35*X35+W35*X35 -> 8760
L36: =B36*K36+C36*K36+D36*K36+E36*K36+F36*K36+G36*K36+H36*K36+I36*K36+J36*K36 -> 0 | U36: 1 | X36: 1758 | Y36: =O36*X36+P36*X36+Q36*X36+R36*X36+S36*X36+T36*X36+U36*X36+V36*X36+W36*X36 -> 1758
L37: =B37*K37+C37*K37+D37*K37+E37*K37+F37*K37+G37*K37+H37*K37+I37*K37+J37*K37 -> 0 | N37: 45618 | R37: 1 | X37: 1200 | Y37: =O37*X37+P37*X37+Q37*X37+R37*X37+S37*X37+T37*X37+U37*X37+V37*X37+W37*X37 -> 1200
L38: =B38*K38+C38*K38+D38*K38+E38*K38+F38*K38+G38*K38+H38*K38+I38*K38+J38*K38 -> 0 | N38: 45631 | S38: 1 | X38: 1200 | Y38: =O38*X38+P38*X38+Q38*X38+R38*X38+S38*X38+T38*X38+U38*X38+V38*X38+W38*X38 -> 1200
L39: =B39*K39+C39*K39+D39*K39+E39*K39+F39*K39+G39*K39+H39*K39+I39*K39+J39*K39 -> 0 | N39: 45638 | T39: 1 | X39: 1596 | Y39: =O39*X39+P39*X39+Q39*X39+R39*X39+S39*X39+T39*X39+U39*X39+V39*X39+W39*X39 -> 1596
L40: =B40*K40+C40*K40+D40*K40+E40*K40+F40*K40+G40*K40+H40*K40+I40*K40+J40*K40 -> 0 | N40: 45645 | R40: 1 | X40: 1200 | Y40: =O40*X40+P40*X40+Q40*X40+R40*X40+S40*X40+T40*X40+U40*X40+V40*X40+W40*X40 -> 1200
A41: 2025 год | L41: =B41*K41+C41*K41+D41*K41+E41*K41+F41*K41+G41*K41+H41*K41+I41*K41+J41*K41 -> 0 | Y41: =O41*X41+P41*X41+Q41*X41+R41*X41+S41*X41+T41*X41+U41*X41+V41*X41+W41*X41 -> 0
A42: 45666 | G42: 2 | K42: 1596 | L42: =B42*K42+C42*K42+D42*K42+E42*K42+F42*K42+G42*K42+H42*K42+I42*K42+J42*K42 -> 3192 | Y42: =O42*X42+P42*X42+Q42*X42+R42*X42+S42*X42+T42*X42+U42*X42+V42*X42+W42*X42 -> 0
E43: 2 | K43: 1200 | L43: =B43*K43+C43*K43+D43*K43+E43*K43+F43*K43+G43*K43+H43*K43+I43*K43+J43*K43 -> 2400 | Y43: =O43*X43+P43*X43+Q43*X43+R43*X43+S43*X43+T43*X43+U43*X43+V43*X43+W43*X43 -> 0
H44: 2 | K44: 1758 | L44: =B44*K44+C44*K44+D44*K44+E44*K44+F44*K44+G44*K44+H44*K44+I44*K44+J44*K44 -> 3516 | Y44: =O44*X44+P44*X44+Q44*X44+R44*X44+S44*X44+T44*X44+U44*X44+V44*X44+W44*X44 -> 0
F45: 2 | K45: 1200 | L45: =B45*K45+C45*K45+D45*K45+E45*K45+F45*K45+G45*K45+H45*K45+I45*K45+J45*K45 -> 2400 | Y45: =O45*X45+P45*X45+Q45*X45+R45*X45+S45*X45+T45*X45+U45*X45+V45*X45+W45*X45 -> 0
L46: =B46*K46+C46*K46+D46*K46+E46*K46+F46*K46+G46*K46+H46*K46+I46*K46+J46*K46 -> 0 | N46: 45667 | T46: 1 | X46: 1596 | Y46: =O46*X46+P46*X46+Q46*X46+R46*X46+S46*X46+T46*X46+U46*X46+V46*X46+W46*X46 -> 1596
B47: 100 | K47: 350.4 | L47: =B47*K47+C47*K47+D47*K47+E47*K47+F47*K47+G47*K47+H47*K47+I47*K47+J47*K47 -> 35040 | N47: 45677 | O47: 25 | X47: 350.4 | Y47: =O47*X47+P47*X47+Q47*X47+R47*X47+S47*X47+T47*X47+U47*X47+V47*X47+W47*X47 -> 8760
L48: =B48*K48+C48*K48+D48*K48+E48*K48+F48*K48+G48*K48+H48*K48+I48*K48+J48*K48 -> 0 | N48: 45681 | R48: 1 | X48: 1200 | Y48: =O48*X48+P48*X48+Q48*X48+R48*X48+S48*X48+T48*X48+U48*X48+V48*X48+W48*X48 -> 1200
L49: =B49*K49+C49*K49+D49*K49+E49*K49+F49*K49+G49*K49+H49*K49+I49*K49+J49*K49 -> 0 | N49: 45686 | S49: 1 | X49: 1200 | Y49: =O49*X49+P49*X49+Q49*X49+R49*X49+S49*X49+T49*X49+U49*X49+V49*X49+W49*X49 -> 1200
L50: =B50*K50+C50*K50+D50*K50+E50*K50+F50*K50+G50*K50+H50*K50+I50*K50+J50*K50 -> 0 | N50: 45688 | O50: 25 | X50: 350.4 | Y50: =O50*X50+P50*X50+Q50*X50+R50*X50+S50*X50+T50*X50+U50*X50+V50*X50+W50*X50 -> 8760
L51: =B51*K51+C51*K51+D51*K51+E51*K51+F51*K51+G51*K51+H51*K51+I51*K51+J51*K51 -> 0 | N51: 45692 | R51: 1 | X51: 1200 | Y51: =O51*X51+P51*X51+Q51*X51+R51*X51+S51*X51+T51*X51+U51*X51+V51*X51+W51*X51 -> 1200
L52: =B52*K52+C52*K52+D52*K52+E52*K52+F52*K52+G52*K52+H52*K52+I52*K52+J52*K52 -> 0 | N52: 45693 | O52: 25 | X52: 350.4 | Y52: =O52*X52+P52*X52+Q52*X52+R52*X52+S52*X52+T52*X52+U52*X52+V52*X52+W52*X52 -> 8760
L53: =B53*K53+C53*K53+D53*K53+E53*K53+F53*K53+G53*K53+H53*K53+I53*K53+J53*K53 -> 0 | N53: 45700 | T53: 1 | X53: 1596 | Y53: =O53*X53+P53*X53+Q53*X53+R53*X53+S53*X53+T53*X53+U53*X53+V53*X53+W53*X53 -> 1596
L54: =B54*K54+C54*K54+D54*K54+E54*K54+F54*K54+G54*K54+H54*K54+I54*K54+J54*K54 -> 0 | N54: 45701 | O54: 25 | X54: 350.4 | Y54: =O54*X54+P54*X54+Q54*X54+R54*X54+S54*X54+T54*X54+U54*X54+V54*X54+W54*X54 -> 8760
L55: =B55*K55+C55*K55+D55*K55+E55*K55+F55*K55+G55*K55+H55*K55+I55*K55+J55*K55 -> 0 | N55: 45705 | S55: 1 | X55: 1200 | Y55: =O55*X55+P55*X55+Q55*X55+R55*X55+S55*X55+T55*X55+U55*X55+V55*X55+W55*X55 -> 1200
L56: =B56*K56+C56*K56+D56*K56+E56*K56+F56*K56+G56*K56+H56*K56+I56*K56+J56*K56 -> 0 | N56: 45708 | U56: 1 | X56: 1758 | Y56: =O56*X56+P56*X56+Q56*X56+R56*X56+S56*X56+T56*X56+U56*X56+V56*X56+W56*X56 -> 1758
L57: =B57*K57+C57*K57+D57*K57+E57*K57+F57*K57+G57*K57+H57*K57+I57*K57+J57*K57 -> 0 | Q57: 25 | X57: 470.4 | Y57: =O57*X57+P57*X57+Q57*X57+R57*X57+S57*X57+T57*X57+U57*X57+V57*X57+W57*X57 -> 11760
L58: =B58*K58+C58*K58+D58*K58+E58*K58+F58*K58+G58*K58+H58*K58+I58*K58+J58*K58 -> 0 | N58: 45715 | T58: 1 | X58: 1596 | Y58: =O58*X58+P58*X58+Q58*X58+R58*X58+S58*X58+T58*X58+U58*X58+V58*X58+W58*X58 -> 1596
A59: 45716 | G59: 6 | K59: 2070 | L59: =B59*K59+C59*K59+D59*K59+E59*K59+F59*K59+G59*K59+H59*K59+I59*K59+J59*K59 -> 12420 | N59: 45716 | P59: 25 | X59: 312 | Y59: =O59*X59+P59*X59+Q59*X59+R59*X59+S59*X59+T59*X59+U59*X59+V59*X59+W59*X59 -> 7800
I60: 6 | K60: 2142 | L60: =B60*K60+C60*K60+D60*K60+E60*K60+F60*K60+G60*K60+H60*K60+I60*K60+J60*K60 -> 12852 | Q60: 25 | X60: 470.4 | Y60: =O60*X60+P60*X60+Q60*X60+R60*X60+S60*X60+T60*X60+U60*X60+V60*X60+W60*X60 -> 11760
B61: 100 | K61: 384 | L61: =B61*K61+C61*K61+D61*K61+E61*K61+F61*K61+G61*K61+H61*K61+I61*K61+J61*K61 -> 38400 | O61: 25 | X61: 384 | Y61: =O61*X61+P61*X61+Q61*X61+R61*X61+S61*X61+T61*X61+U61*X61+V61*X61+W61*X61 -> 9600
J62: 6 | K62: 1585.2 | L62: =B62*K62+C62*K62+D62*K62+E62*K62+F62*K62+G62*K62+H62*K62+I62*K62+J62*K62 -> 9511.2 | Y62: =O62*X62+P62*X62+Q62*X62+R62*X62+S62*X62+T62*X62+U62*X62+V62*X62+W62*X62 -> 0
E63: 6 | K63: 1465.2 | L63: =B63*K63+C63*K63+D63*K63+E63*K63+F63*K63+G63*K63+H63*K63+I63*K63+J63*K63 -> 8791.2 | Y63: =O63*X63+P63*X63+Q63*X63+R63*X63+S63*X63+T63*X63+U63*X63+V63*X63+W63*X63 -> 0
L64: =B64*K64+C64*K64+D64*K64+E64*K64+F64*K64+G64*K64+H64*K64+I64*K64+J64*K64 -> 0 | N64: март | Y64: =O64*X64+P64*X64+Q64*X64+R64*X64+S64*X64+T64*X64+U64*X64+V64*X64+W64*X64 -> 0
L65: =B65*K65+C65*K65+D65*K65+E65*K65+F65*K65+G65*K65+H65*K65+I65*K65+J65*K65 -> 0 | N65: 45719 | R65: 1 | X65: 1465.2 | Y65: =O65*X65+P65*X65+Q65*X65+R65*X65+S65*X65+T65*X65+U65*X65+V65*X65+W65*X65 -> 1465.2
L66: =B66*K66+C66*K66+D66*K66+E66*K66+F66*K66+G66*K66+H66*K66+I66*K66+J66*K66 -> 0 | N66: 45721 | O66: 25 | X66: 384 | Y66: =O66*X66+P66*X66+Q66*X66+R66*X66+S66*X66+T66*X66+U66*X66+V66*X66+W66*X66 -> 9600
L67: =B67*K67+C67*K67+D67*K67+E67*K67+F67*K67+G67*K67+H67*K67+I67*K67+J67*K67 -> 0 | N67: 45723 | O67: 25 | X67: 384 | Y67: =O67*X67+P67*X67+Q67*X67+R67*X67+S67*X67+T67*X67+U67*X67+V67*X67+W67*X67 -> 9600
L68: =B68*K68+C68*K68+D68*K68+E68*K68+F68*K68+G68*K68+H68*K68+I68*K68+J68*K68 -> 0 | N68: 45726 | P68: 25 | X68: 312 | Y68: =O68*X68+P68*X68+Q68*X68+R68*X68+S68*X68+T68*X68+U68*X68+V68*X68+W68*X68 -> 7800
L69: =B69*K69+C69*K69+D69*K69+E69*K69+F69*K69+G69*K69+H69*K69+I69*K69+J69*K69 -> 0 | N69: 45727 | T69: 1 | X69: 2070 | Y69: =O69*X69+P69*X69+Q69*X69+R69*X69+S69*X69+T69*X69+U69*X69+V69*X69+W69*X69 -> 2070
L70: =B70*K70+C70*K70+D70*K70+E70*K70+F70*K70+G70*K70+H70*K70+I70*K70+J70*K70 -> 0 | S70: 1 | X70: 1200 | Y70: =O70*X70+P70*X70+Q70*X70+R70*X70+S70*X70+T70*X70+U70*X70+V70*X70+W70*X70 -> 1200
L71: =B71*K71+C71*K71+D71*K71+E71*K71+F71*K71+G71*K71+H71*K71+I71*K71+J71*K71 -> 0 | R71: 1 | X71: 1465.2 | Y71: =O71*X71+P71*X71+Q71*X71+R71*X71+S71*X71+T71*X71+U71*X71+V71*X71+W71*X71 -> 1465.2
L72: =B72*K72+C72*K72+D72*K72+E72*K72+F72*K72+G72*K72+H72*K72+I72*K72+J72*K72 -> 0 | N72: 45730 | O72: 25 | X72: 384 | Y72: =O72*X72+P72*X72+Q72*X72+R72*X72+S72*X72+T72*X72+U72*X72+V72*X72+W72*X72 -> 9600
L73: =B73*K73+C73*K73+D73*K73+E73*K73+F73*K73+G73*K73+H73*K73+I73*K73+J73*K73 -> 0 | N73: 45733 | P73: 25 | X73: 312 | Y73: =O73*X73+P73*X73+Q73*X73+R73*X73+S73*X73+T73*X73+U73*X73+V73*X73+W73*X73 -> 7800
L74: =B74*K74+C74*K74+D74*K74+E74*K74+F74*K74+G74*K74+H74*K74+I74*K74+J74*K74 -> 0 | N74: 45735 | W74: 1 | X74: 1585.2 | Y74: =O74*X74+P74*X74+Q74*X74+R74*X74+S74*X74+T74*X74+U74*X74+V74*X74+W74*X74 -> 1585.2
L75: =B75*K75+C75*K75+D75*K75+E75*K75+F75*K75+G75*K75+H75*K75+I75*K75+J75*K75 -> 0 | R75: 1 | X75: 1465.2 | Y75: =O75*X75+P75*X75+Q75*X75+R75*X75+S75*X75+T75*X75+U75*X75+V75*X75+W75*X75 -> 1465.2
L76: =B76*K76+C76*K76+D76*K76+E76*K76+F76*K76+G76*K76+H76*K76+I76*K76+J76*K76 -> 0 | T76: 1 | X76: 2070 | Y76: =O76*X76+P76*X76+Q76*X76+R76*X76+S76*X76+T76*X76+U76*X76+V76*X76+W76*X76 -> 2070
A77: 45737 | B77: 400 | K77: 384 | L77: =B77*K77+C77*K77+D77*K77+E77*K77+F77*K77+G77*K77+H77*K77+I77*K77+J77*K77 -> 153600 | Y77: =O77*X77+P77*X77+Q77*X77+R77*X77+S77*X77+T77*X77+U77*X77+V77*X77+W77*X77 -> 0
L78: =B78*K78+C78*K78+D78*K78+E78*K78+F78*K78+G78*K78+H78*K78+I78*K78+J78*K78 -> 0 | N78: 45740 | O78: 25 | X78: 384 | Y78: =O78*X78+P78*X78+Q78*X78+R78*X78+S78*X78+T78*X78+U78*X78+V78*X78+W78*X78 -> 9600
L79: =B79*K79+C79*K79+D79*K79+E79*K79+F79*K79+G79*K79+H79*K79+I79*K79+J79*K79 -> 0 | N79: 45742 | O79: 25 | X79: 384 | Y79: =O79*X79+P79*X79+Q79*X79+R79*X79+S79*X79+T79*X79+U79*X79+V79*X79+W79*X79 -> 9600
L80: =B80*K80+C80*K80+D80*K80+E80*K80+F80*K80+G80*K80+H80*K80+I80*K80+J80*K80 -> 0 | N80: 45743 | O80: 25 | X80: 384 | Y80: =O80*X80+P80*X80+Q80*X80+R80*X80+S80*X80+T80*X80+U80*X80+V80*X80+W80*X80 -> 9600
L81: =B81*K81+C81*K81+D81*K81+E81*K81+F81*K81+G81*K81+H81*K81+I81*K81+J81*K81 -> 0 | N81: 45744 | O81: 50 | X81: 384 | Y81: =O81*X81+P81*X81+Q81*X81+R81*X81+S81*X81+T81*X81+U81*X81+V81*X81+W81*X81 -> 19200
L82: =B82*K82+C82*K82+D82*K82+E82*K82+F82*K82+G82*K82+H82*K82+I82*K82+J82*K82 -> 0 | W82: 1 | X82: 1585.2 | Y82: =O82*X82+P82*X82+Q82*X82+R82*X82+S82*X82+T82*X82+U82*X82+V82*X82+W82*X82 -> 1585.2
L83: =B83*K83+C83*K83+D83*K83+E83*K83+F83*K83+G83*K83+H83*K83+I83*K83+J83*K83 -> 0 | R83: 1 | X83: 1465.2 | Y83: =O83*X83+P83*X83+Q83*X83+R83*X83+S83*X83+T83*X83+U83*X83+V83*X83+W83*X83 -> 1465.2
L84: =B84*K84+C84*K84+D84*K84+E84*K84+F84*K84+G84*K84+H84*K84+I84*K84+J84*K84 -> 0 | N84: апрель | Y84: =O84*X84+P84*X84+Q84*X84+R84*X84+S84*X84+T84*X84+U84*X84+V84*X84+W84*X84 -> 0
L85: =B85*K85+C85*K85+D85*K85+E85*K85+F85*K85+G85*K85+H85*K85+I85*K85+J85*K85 -> 0 | N85: 45750 | O85: 25 | X85: 384 | Y85: =O85*X85+P85*X85+Q85*X85+R85*X85+S85*X85+T85*X85+U85*X85+V85*X85+W85*X85 -> 9600
L86: =B86*K86+C86*K86+D86*K86+E86*K86+F86*K86+G86*K86+H86*K86+I86*K86+J86*K86 -> 0 | N86: 45751 | T86: 1 | X86: 2070 | Y86: =O86*X86+P86*X86+Q86*X86+R86*X86+S86*X86+T86*X86+U86*X86+V86*X86+W86*X86 -> 2070
L87: =B87*K87+C87*K87+D87*K87+E87*K87+F87*K87+G87*K87+H87*K87+I87*K87+J87*K87 -> 0 | R87: 1 | X87: 1465.2 | Y87: =O87*X87+P87*X87+Q87*X87+R87*X87+S87*X87+T87*X87+U87*X87+V87*X87+W87*X87 -> 1465.2
L88: =B88*K88+C88*K88+D88*K88+E88*K88+F88*K88+G88*K88+H88*K88+I88*K88+J88*K88 -> 0 | N88: 45755 | W88: 1 | X88: 1585.2 | Y88: =O88*X88+P88*X88+Q88*X88+R88*X88+S88*X88+T88*X88+U88*X88+V88*X88+W88*X88 -> 1585.2
L89: =B89*K89+C89*K89+D89*K89+E89*K89+F89*K89+G89*K89+H89*K89+I89*K89+J89*K89 -> 0 | N89: 45757 | O89: 25 | X89: 384 | Y89: =O89*X89+P89*X89+Q89*X89+R89*X89+S89*X89+T89*X89+U89*X89+V89*X89+W89*X89 -> 9600
L90: =B90*K90+C90*K90+D90*K90+E90*K90+F90*K90+G90*K90+H90*K90+I90*K90+J90*K90 -> 0 | N90: 11-14.04 | W90: 1 | X90: 1585.2 | Y90: =O90*X90+P90*X90+Q90*X90+R90*X90+S90*X90+T90*X90+U90*X90+V90*X90+W90*X90 -> 1585.2
L91: =B91*K91+C91*K91+D91*K91+E91*K91+F91*K91+G91*K91+H91*K91+I91*K91+J91*K91 -> 0 | N91: 45762 | R91: 1 | X91: 1465.2 | Y91: =O91*X91+P91*X91+Q91*X91+R91*X91+S91*X91+T91*X91+U91*X91+V91*X91+W91*X91 -> 1465.2
L92: =B92*K92+C92*K92+D92*K92+E92*K92+F92*K92+G92*K92+H92*K92+I92*K92+J92*K92 -> 0 | N92: 45763 | O92: 25 | X92: 384 | Y92: =O92*X92+P92*X92+Q92*X92+R92*X92+S92*X92+T92*X92+U92*X92+V92*X92+W92*X92 -> 9600
L93: =B93*K93+C93*K93+D93*K93+E93*K93+F93*K93+G93*K93+H93*K93+I93*K93+J93*K93 -> 0 | N93: 45768 | O93: 25 | X93: 384 | Y93: =O93*X93+P93*X93+Q93*X93+R93*X93+S93*X93+T93*X93+U93*X93+V93*X93+W93*X93 -> 9600
L94: =B94*K94+C94*K94+D94*K94+E94*K94+F94*K94+G94*K94+H94*K94+I94*K94+J94*K94 -> 0 | N94: 45772 | O94: 25 | X94: 384 | Y94: =O94*X94+P94*X94+Q94*X94+R94*X94+S94*X94+T94*X94+U94*X94+V94*X94+W94*X94 -> 9600
L95: =B95*K95+C95*K95+D95*K95+E95*K95+F95*K95+G95*K95+H95*K95+I95*K95+J95*K95 -> 0 | N95: 45775 | T95: 1 | X95: 2070 | Y95: =O95*X95+P95*X95+Q95*X95+R95*X95+S95*X95+T95*X95+U95*X95+V95*X95+W95*X95 -> 2070
L96: =B96*K96+C96*K96+D96*K96+E96*K96+F96*K96+G96*K96+H96*K96+I96*K96+J96*K96 -> 0 | O96: 25 | X96: 384 | Y96: =O96*X96+P96*X96+Q96*X96+R96*X96+S96*X96+T96*X96+U96*X96+V96*X96+W96*X96 -> 9600
L97: =B97*K97+C97*K97+D97*K97+E97*K97+F97*K97+G97*K97+H97*K97+I97*K97+J97*K97 -> 0 | N97: 45777 | U97: 1 | X97: 1758 | Y97: =O97*X97+P97*X97+Q97*X97+R97*X97+S97*X97+T97*X97+U97*X97+V97*X97+W97*X97 -> 1758
L98: =B98*K98+C98*K98+D98*K98+E98*K98+F98*K98+G98*K98+H98*K98+I98*K98+J98*K98 -> 0 | O98: 25 | X98: 384 | Y98: =O98*X98+P98*X98+Q98*X98+R98*X98+S98*X98+T98*X98+U98*X98+V98*X98+W98*X98 -> 9600
L99: =B99*K99+C99*K99+D99*K99+E99*K99+F99*K99+G99*K99+H99*K99+I99*K99+J99*K99 -> 0 | W99: 1 | X99: 1585.2 | Y99: =O99*X99+P99*X99+Q99*X99+R99*X99+S99*X99+T99*X99+U99*X99+V99*X99+W99*X99 -> 1585.2
L100: =B100*K100+C100*K100+D100*K100+E100*K100+F100*K100+G100*K100+H100*K100+I100*K100+J100*K100 -> 0 | Y100: =O100*X100+P100*X100+Q100*X100+R100*X100+S100*X100+T100*X100+U100*X100+V100*X100+W100*X100 -> 0
...

Sheet Велторг
A1: дата поставки | B1: Антиокислитель Вел-Микс 043 | C1: Ароматизатор сыр с халапеньо | D1: Краситель желтый закат | E1: Краситель тартразин | F1: Краситель зеленое яблоко | G1: Краситель белый титановый | H1: цена | I1: на сумму | K1: дата выдачи на пр-во | L1: в чей подотчет | M1: Антиокислитель Вел-Микс 043 | N1: Ароматизатор сыр с халапеньо | O1: Краситель желтый закат | P1: Краситель тартразин | Q1: Краситель зеленое яблоко | R1: Краситель белый титановый | S1: цена | T1: на сумму | V1: Антиокислитель Вел-Микс 043 | W1: Ароматизатор сыр с халапеньо | X1: Краситель желтый закат | Y1: Краситель тартразин | Z1: Краситель зеленое яблоко | AA1: Краситель белый титановый
A2: 2025 год | K2: 2025 год | V2: =0+B20-M20 -> 39.74 | W2: =0+C20-N20 -> 0 | X2: =0+D20-O20 -> 0 | Y2: =0+E20-P20 -> 0 | Z2: =0+F20-Q20 -> 0 | AA2: =0+G20-R20 -> 0
A3: 45755 | B3: 40 | H3: 2196.6 | I3: =B3*H3+C3*H3+D3*H3+E3*H3+F3*H3+G3*H3 -> 87864 | K3: 45755 | L3: Захаров | M3: 0.26 | S3: 2196.6 | T3: =M3*S3+N3*S3+O3*S3+P3*S3+Q3*S3+R3*S3 -> 571.116 | V3: 2196.6
I4: =B4*H4+C4*H4+D4*H4+E4*H4+F4*H4+G4*H4 -> 0 | L4: Захаров | T4: =M4*S4+N4*S4+O4*S4+P4*S4+Q4*S4+R4*S4 -> 0 | V4: =V2*V3 -> 87292.884 | W4: =W2*W3 -> 0 | X4: =X2*X3 -> 0 | Y4: =Y2*Y3 -> 0 | Z4: =Z2*Z3 -> 0 | AA4: =AA2*AA3 -> 0
I5: =B5*H5+C5*H5+D5*H5+E5*H5+F5*H5+G5*H5 -> 0 | L5: Захаров | T5: =M5*S5+N5*S5+O5*S5+P5*S5+Q5*S5+R5*S5 -> 0
I6: =B6*H6+C6*H6+D6*H6+E6*H6+F6*H6+G6*H6 -> 0 | L6: Захаров | T6: =M6*S6+N6*S6+O6*S6+P6*S6+Q6*S6+R6*S6 -> 0
I7: =B7*H7+C7*H7+D7*H7+E7*H7+F7*H7+G7*H7 -> 0 | L7: Захаров | T7: =M7*S7+N7*S7+O7*S7+P7*S7+Q7*S7+R7*S7 -> 0
I8: =B8*H8+C8*H8+D8*H8+E8*H8+F8*H8+G8*H8 -> 0 | L8: Захаров | T8: =M8*S8+N8*S8+O8*S8+P8*S8+Q8*S8+R8*S8 -> 0
I9: =B9*H9+C9*H9+D9*H9+E9*H9+F9*H9+G9*H9 -> 0 | L9: Захаров | T9: =M9*S9+N9*S9+O9*S9+P9*S9+Q9*S9+R9*S9 -> 0
I10: =B10*H10+C10*H10+D10*H10+E10*H10+F10*H10+G10*H10 -> 0 | L10: Захаров | T10: =M10*S10+N10*S10+O10*S10+P10*S10+Q10*S10+R10*S10 -> 0
I11: =B11*H11+C11*H11+D11*H11+E11*H11+F11*H11+G11*H11 -> 0 | L11: Захаров | T11: =M11*S11+N11*S11+O11*S11+P11*S11+Q11*S11+R11*S11 -> 0
I12: =B12*H12+C12*H12+D12*H12+E12*H12+F12*H12+G12*H12 -> 0 | L12: Захаров | T12: =M12*S12+N12*S12+O12*S12+P12*S12+Q12*S12+R12*S12 -> 0
I13: =B13*H13+C13*H13+D13*H13+E13*H13+F13*H13+G13*H13 -> 0 | L13: Захаров | T13: =M13*S13+N13*S13+O13*S13+P13*S13+Q13*S13+R13*S13 -> 0
I14: =B14*H14+C14*H14+D14*H14+E14*H14+F14*H14+G14*H14 -> 0 | T14: =M14*S14+N14*S14+O14*S14+P14*S14+Q14*S14+R14*S14 -> 0
I15: =B15*H15+C15*H15+D15*H15+E15*H15+F15*H15+G15*H15 -> 0 | T15: =M15*S15+N15*S15+O15*S15+P15*S15+Q15*S15+R15*S15 -> 0
I16: =B16*H16+C16*H16+D16*H16+E16*H16+F16*H16+G16*H16 -> 0 | T16: =M16*S16+N16*S16+O16*S16+P16*S16+Q16*S16+R16*S16 -> 0
I17: =B17*H17+C17*H17+D17*H17+E17*H17+F17*H17+G17*H17 -> 0 | T17: =M17*S17+N17*S17+O17*S17+P17*S17+Q17*S17+R17*S17 -> 0
I18: =B18*H18+C18*H18+D18*H18+E18*H18+F18*H18+G18*H18 -> 0 | T18: =M18*S18+N18*S18+O18*S18+P18*S18+Q18*S18+R18*S18 -> 0
I19: =B19*H19+C19*H19+D19*H19+E19*H19+F19*H19+G19*H19 -> 0 | T19: =M19*S19+N19*S19+O19*S19+P19*S19+Q19*S19+R19*S19 -> 0
B20: =SUM(B3:B19) -> 40 | C20: =SUM(C3:C19) -> 0 | D20: =SUM(D3:D19) -> 0 | E20: =SUM(E3:E19) -> 0 | F20: =SUM(F3:F19) -> 0 | G20: =SUM(G3:G19) -> 0 | H20: =SUM(H3:H19) -> 2196.6 | I20: =SUM(I3:I19) -> 87864 | M20: =SUM(M3:M19) -> 0.26 | N20: =SUM(N3:N19) -> 0 | O20: =SUM(O3:O19) -> 0 | P20: =SUM(P3:P19) -> 0 | Q20: =SUM(Q3:Q19) -> 0 | R20: =SUM(R3:R19) -> 0

Sheet Вито-Хаус
A1: дата поставки | B1: Ароматизатор барбекю | C1: Ароматизатор сыр с халапеньо | D1: Краситель желтый закат | E1: Краситель тартразин | F1: Краситель зеленое яблоко | G1: Краситель белый титановый | H1: цена | I1: на сумму | K1: дата выдачи на пр-во | L1: в чей подотчет | M1: Ароматизатор барбекю | N1: Ароматизатор сыр с халапеньо | O1: Краситель желтый закат | P1: Краситель тартразин | Q1: Краситель зеленое яблоко | R1: Краситель белый титановый | S1: цена | T1: на сумму | V1: Ароматизатор барбекю | W1: Ароматизатор сыр с халапеньо | X1: Краситель желтый закат | Y1: Краситель тартразин | Z1: Краситель зеленое яблоко | AA1: Краситель белый титановый
A2: 2024 год | K2: 2024 год | V2: =0+B20-M20 -> 0 | W2: =0+C20-N20 -> 0 | X2: =0+D20-O20 -> 0 | Y2: =0+E20-P20 -> 0 | Z2: =0+F20-Q20 -> 0 | AA2: =0+G20-R20 -> 0
A3: 45531 | G3: 25 | H3: 406 | I3: =B3*H3+C3*H3+D3*H3+E3*H3+F3*H3+G3*H3 -> 10150 | K3: 45535 | L3: Захаров | R3: 0.4 | S3: 406 | T3: =M3*S3+N3*S3+O3*S3+P3*S3+Q3*S3+R3*S3 -> 162.4 | V3: 312 | W3: 470.4 | X3: 1200 | Y3: 1200 | Z3: 1596 | AA3: 406
I4: =B4*H4+C4*H4+D4*H4+E4*H4+F4*H4+G4*H4 -> 0 | K4: 45545 | L4: Захаров | R4: 1.2 | S4: 406 | T4: =M4*S4+N4*S4+O4*S4+P4*S4+Q4*S4+R4*S4 -> 487.2 | V4: =V2*V3 -> 0 | W4: =W2*W3 -> 0 | X4: =X2*X3 -> 0 | Y4: =Y2*Y3 -> 0 | Z4: =Z2*Z3 -> 0 | AA4: =AA2*AA3 -> 0
I5: =B5*H5+C5*H5+D5*H5+E5*H5+F5*H5+G5*H5 -> 0 | K5: 45551 | L5: Захаров | R5: 0.5 | S5: 406 | T5: =M5*S5+N5*S5+O5*S5+P5*S5+Q5*S5+R5*S5 -> 203
I6: =B6*H6+C6*H6+D6*H6+E6*H6+F6*H6+G6*H6 -> 0 | K6: 45558 | L6: Захаров | R6: 0.4 | S6: 406 | T6: =M6*S6+N6*S6+O6*S6+P6*S6+Q6*S6+R6*S6 -> 162.4
I7: =B7*H7+C7*H7+D7*H7+E7*H7+F7*H7+G7*H7 -> 0 | K7: 45560 | L7: Захаров | R7: 0.3 | S7: 406 | T7: =M7*S7+N7*S7+O7*S7+P7*S7+Q7*S7+R7*S7 -> 121.8
I8: =B8*H8+C8*H8+D8*H8+E8*H8+F8*H8+G8*H8 -> 0 | K8: 45561 | L8: Захаров | R8: 0.1 | S8: 406 | T8: =M8*S8+N8*S8+O8*S8+P8*S8+Q8*S8+R8*S8 -> 40.6
I9: =B9*H9+C9*H9+D9*H9+E9*H9+F9*H9+G9*H9 -> 0 | K9: 45567 | L9: Захаров | R9: 0.35 | S9: 406 | T9: =M9*S9+N9*S9+O9*S9+P9*S9+Q9*S9+R9*S9 -> 142.1
I10: =B10*H10+C10*H10+D10*H10+E10*H10+F10*H10+G10*H10 -> 0 | K10: 45568 | L10: Захаров | R10: 0.6 | S10: 406 | T10: =M10*S10+N10*S10+O10*S10+P10*S10+Q10*S10+R10*S10 -> 243.6
I11: =B11*H11+C11*H11+D11*H11+E11*H11+F11*H11+G11*H11 -> 0 | K11: 45572 | L11: Захаров | R11: 1.8 | S11: 406 | T11: =M11*S11+N11*S11+O11*S11+P11*S11+Q11*S11+R11*S11 -> 730.8
I12: =B12*H12+C12*H12+D12*H12+E12*H12+F12*H12+G12*H12 -> 0 | K12: 45576 | L12: Захаров | R12: 19.35 | S12: 406 | T12: =M12*S12+N12*S12+O12*S12+P12*S12+Q12*S12+R12*S12 -> 7856.1
I13: =B13*H13+C13*H13+D13*H13+E13*H13+F13*H13+G13*H13 -> 0 | L13: Захаров | T13: =M13*S13+N13*S13+O13*S13+P13*S13+Q13*S13+R13*S13 -> 0
I14: =B14*H14+C14*H14+D14*H14+E14*H14+F14*H14+G14*H14 -> 0 | T14: =M14*S14+N14*S14+O14*S14+P14*S14+Q14*S14+R14*S14 -> 0
I15: =B15*H15+C15*H15+D15*H15+E15*H15+F15*H15+G15*H15 -> 0 | T15: =M15*S15+N15*S15+O15*S15+P15*S15+Q15*S15+R15*S15 -> 0
I16: =B16*H16+C16*H16+D16*H16+E16*H16+F16*H16+G16*H16 -> 0 | T16: =M16*S16+N16*S16+O16*S16+P16*S16+Q16*S16+R16*S16 -> 0
I17: =B17*H17+C17*H17+D17*H17+E17*H17+F17*H17+G17*H17 -> 0 | T17: =M17*S17+N17*S17+O17*S17+P17*S17+Q17*S17+R17*S17 -> 0
I18: =B18*H18+C18*H18+D18*H18+E18*H18+F18*H18+G18*H18 -> 0 | T18: =M18*S18+N18*S18+O18*S18+P18*S18+Q18*S18+R18*S18 -> 0
I19: =B19*H19+C19*H19+D19*H19+E19*H19+F19*H19+G19*H19 -> 0 | T19: =M19*S19+N19*S19+O19*S19+P19*S19+Q19*S19+R19*S19 -> 0
B20: =SUM(B3:B19) -> 0 | C20: =SUM(C3:C19) -> 0 | D20: =SUM(D3:D19) -> 0 | E20: =SUM(E3:E19) -> 0 | F20: =SUM(F3:F19) -> 0 | G20: =SUM(G3:G19) -> 25 | H20: =SUM(H3:H19) -> 406 | I20: =SUM(I3:I19) -> 10150 | M20: =SUM(M3:M19) -> 0 | N20: =SUM(N3:N19) -> 0 | O20: =SUM(O3:O19) -> 0 | P20: =SUM(P3:P19) -> 0 | Q20: =SUM(Q3:Q19) -> 0 | R20: =SUM(R3:R19) -> 25

Sheet Доминант
A1: дата поставки | B1: крахмал кукурузный ГОСТ | D1: крахмал кукурузный Е1422 | F1: крахмал кукурузный Е1414 | H1: мука кукурузная | I1: цена | J1: на сумму | L1: дата выдачи на пр-во | M1: крахмал кукурузный ГОСТ | O1: крахмал кукурузный Е1422 | Q1: крахмал кукурузный Е1414 | R1: крахмал кукурузный Е1414, 183р. | S1: мука кукурузная | T1: цена | U1: на сумму | W1: крахмал кукурузный ГОСТ | X1: крахмал кукурузный Е1422 | Y1: крахмал кукурузный Е1414 | AC1: мука кукурузная
A2: 2025 год | L2: 2025 год | W2: =0+B199-M199 -> 3150 | X2: =0+D199-O199 -> 1650 | Y2: =0+F199-Q199 -> 1350 | Z2: =0+C199-N199 -> 0 | AA2: =0+E199-P199 -> 0 | AB2: =0+G199-R199 -> 0 | AC2: =0+H199-S199 -> 0
A3: 45763 | B3: 2500 | I3: 47 | J3: =B3*I3+C3*I3+D3*I3+E3*I3+F3*I3+G3*I3+H3*I3 -> 117500 | L3: 45768 | Q3: 150 | T3: 183 | U3: =M3*T3+N3*T3+O3*T3+P3*T3+Q3*T3+R3*T3+S3*T3 -> 27450 | W3: 47 | X3: 183 | Y3: 183 | Z3: 48 | AA3: 183 | AB3: 183 | AC3: 37
D4: 1000 | F4: 1500 | I4: 183 | J4: =B4*I4+C4*I4+D4*I4+E4*I4+F4*I4+G4*I4+H4*I4 -> 457500 | U4: =M4*T4+N4*T4+O4*T4+P4*T4+Q4*T4+R4*T4+S4*T4 -> 0 | W4: =W2*W3 -> 148050 | X4: =X2*X3 -> 301950 | Y4: =Y2*Y3 -> 247050 | Z4: =Z2*Z3 -> 0 | AA4: =AA2*AA3 -> 0 | AB4: =AB2*AB3 -> 0 | AC4: =AC2*AC3 -> 0
F5: 25 | I5: 183 | J5: =B5*I5+C5*I5+D5*I5+E5*I5+F5*I5+G5*I5+H5*I5 -> 4575 | L5: 45771 | Q5: 150 | T5: 183 | U5: =M5*T5+N5*T5+O5*T5+P5*T5+Q5*T5+R5*T5+S5*T5 -> 27450
J6: =B6*I6+C6*I6+D6*I6+E6*I6+F6*I6+G6*I6+H6*I6 -> 0 | L6: 45775 | Q6: 400 | T6: 183 | U6: =M6*T6+N6*T6+O6*T6+P6*T6+Q6*T6+R6*T6+S6*T6 -> 73200
J7: =B7*I7+C7*I7+D7*I7+E7*I7+F7*I7+G7*I7+H7*I7 -> 0 | M7: 275 | T7: 47 | U7: =M7*T7+N7*T7+O7*T7+P7*T7+Q7*T7+R7*T7+S7*T7 -> 12925
J8: =B8*I8+C8*I8+D8*I8+E8*I8+F8*I8+G8*I8+H8*I8 -> 0 | L8: 45776 | Q8: 125 | T8: 183 | U8: =M8*T8+N8*T8+O8*T8+P8*T8+Q8*T8+R8*T8+S8*T8 -> 22875
J9: =B9*I9+C9*I9+D9*I9+E9*I9+F9*I9+G9*I9+H9*I9 -> 0 | M9: 125 | T9: 47 | U9: =M9*T9+N9*T9+O9*T9+P9*T9+Q9*T9+R9*T9+S9*T9 -> 5875
A10: 45777 | D10: 1000 | F10: 2000 | I10: 183 | J10: =B10*I10+C10*I10+D10*I10+E10*I10+F10*I10+G10*I10+H10*I10 -> 549000 | L10: 45777 | Q10: 125 | T10: 183 | U10: =M10*T10+N10*T10+O10*T10+P10*T10+Q10*T10+R10*T10+S10*T10 -> 22875
B11: 2000 | I11: 47 | J11: =B11*I11+C11*I11+D11*I11+E11*I11+F11*I11+G11*I11+H11*I11 -> 94000 | M11: 125 | T11: 47 | U11: =M11*T11+N11*T11+O11*T11+P11*T11+Q11*T11+R11*T11+S11*T11 -> 5875
L12: 01-04 мая | Q12: 275 | T12: 183 | U12: =M12*T12+N12*T12+O12*T12+P12*T12+Q12*T12+R12*T12+S12*T12 -> 50325
J13: =B13*I13+C13*I13+D13*I13+E13*I13+F13*I13+G13*I13+H13*I13 -> 0 | M13: 250 | T13: 47 | U13: =M13*T13+N13*T13+O13*T13+P13*T13+Q13*T13+R13*T13+S13*T13 -> 11750
J14: =B14*I14+C14*I14+D14*I14+E14*I14+F14*I14+G14*I14+H14*I14 -> 0 | O14: 75 | T14: 183 | U14: =M14*T14+N14*T14+O14*T14+P14*T14+Q14*T14+R14*T14+S14*T14 -> 13725
J15: =B15*I15+C15*I15+D15*I15+E15*I15+F15*I15+G15*I15+H15*I15 -> 0 | L15: 06 мая | Q15: 200 | T15: 183 | U15: =M15*T15+N15*T15+O15*T15+P15*T15+Q15*T15+R15*T15+S15*T15 -> 36600
J16: =B16*I16+C16*I16+D16*I16+E16*I16+F16*I16+G16*I16+H16*I16 -> 0 | M16: 200 | T16: 47 | U16: =M16*T16+N16*T16+O16*T16+P16*T16+Q16*T16+R16*T16+S16*T16 -> 9400
J17: =B17*I17+C17*I17+D17*I17+E17*I17+F17*I17+G17*I17+H17*I17 -> 0 | O17: 100 | T17: 183 | U17: =M17*T17+N17*T17+O17*T17+P17*T17+Q17*T17+R17*T17+S17*T17 -> 18300
J18: =B18*I18+C18*I18+D18*I18+E18*I18+F18*I18+G18*I18+H18*I18 -> 0 | L18: 07 мая | Q18: 125 | T18: 183 | U18: =M18*T18+N18*T18+O18*T18+P18*T18+Q18*T18+R18*T18+S18*T18 -> 22875
J19: =B19*I19+C19*I19+D19*I19+E19*I19+F19*I19+G19*I19+H19*I19 -> 0 | M19: 125 | T19: 47 | U19: =M19*T19+N19*T19+O19*T19+P19*T19+Q19*T19+R19*T19+S19*T19 -> 5875
J20: =B20*I20+C20*I20+D20*I20+E20*I20+F20*I20+G20*I20+H20*I20 -> 0 | L20: 10-11 мая | Q20: 125 | T20: 183 | U20: =M20*T20+N20*T20+O20*T20+P20*T20+Q20*T20+R20*T20+S20*T20 -> 22875
J21: =B21*I21+C21*I21+D21*I21+E21*I21+F21*I21+G21*I21+H21*I21 -> 0 | L21: 12 мая | Q21: 125 | T21: 47 | U21: =M21*T21+N21*T21+O21*T21+P21*T21+Q21*T21+R21*T21+S21*T21 -> 5875
J22: =B22*I22+C22*I22+D22*I22+E22*I22+F22*I22+G22*I22+H22*I22 -> 0 | O22: 125 | T22: 183 | U22: =M22*T22+N22*T22+O22*T22+P22*T22+Q22*T22+R22*T22+S22*T22 -> 22875
J23: =B23*I23+C23*I23+D23*I23+E23*I23+F23*I23+G23*I23+H23*I23 -> 0 | L23: 13 мая | Q23: 125 | T23: 183 | U23: =M23*T23+N23*T23+O23*T23+P23*T23+Q23*T23+R23*T23+S23*T23 -> 22875
J24: =B24*I24+C24*I24+D24*I24+E24*I24+F24*I24+G24*I24+H24*I24 -> 0 | L24: 14 мая | Q24: 125 | T24: 183 | U24: =M24*T24+N24*T24+O24*T24+P24*T24+Q24*T24+R24*T24+S24*T24 -> 22875
J25: =B25*I25+C25*I25+D25*I25+E25*I25+F25*I25+G25*I25+H25*I25 -> 0 | M25: 125 | T25: 47 | U25: =M25*T25+N25*T25+O25*T25+P25*T25+Q25*T25+R25*T25+S25*T25 -> 5875
J26: =B26*I26+C26*I26+D26*I26+E26*I26+F26*I26+G26*I26+H26*I26 -> 0 | L26: 22 мая | Q26: 125 | T26: 183 | U26: =M26*T26+N26*T26+O26*T26+P26*T26+Q26*T26+R26*T26+S26*T26 -> 22875
J27: =B27*I27+C27*I27+D27*I27+E27*I27+F27*I27+G27*I27+H27*I27 -> 0 | M27: 125 | T27: 47 | U27: =M27*T27+N27*T27+O27*T27+P27*T27+Q27*T27+R27*T27+S27*T27 -> 5875
J28: =B28*I28+C28*I28+D28*I28+E28*I28+F28*I28+G28*I28+H28*I28 -> 0 | O28: 50 | T28: 183 | U28: =M28*T28+N28*T28+O28*T28+P28*T28+Q28*T28+R28*T28+S28*T28 -> 9150
J29: =B29*I29+C29*I29+D29*I29+E29*I29+F29*I29+G29*I29+H29*I29 -> 0 | U29: =M29*T29+N29*T29+O29*T29+P29*T29+Q29*T29+R29*T29+S29*T29 -> 0
J30: =B30*I30+C30*I30+D30*I30+E30*I30+F30*I30+G30*I30+H30*I30 -> 0 | U30: =M30*T30+N30*T30+O30*T30+P30*T30+Q30*T30+R30*T30+S30*T30 -> 0
J31: =B31*I31+C31*I31+D31*I31+E31*I31+F31*I31+G31*I31+H31*I31 -> 0 | U31: =M31*T31+N31*T31+O31*T31+P31*T31+Q31*T31+R31*T31+S31*T31 -> 0
J32: =B32*I32+C32*I32+D32*I32+E32*I32+F32*I32+G32*I32+H32*I32 -> 0 | U32: =M32*T32+N32*T32+O32*T32+P32*T32+Q32*T32+R32*T32+S32*T32 -> 0
J33: =B33*I33+C33*I33+D33*I33+E33*I33+F33*I33+G33*I33+H33*I33 -> 0 | U33: =M33*T33+N33*T33+O33*T33+P33*T33+Q33*T33+R33*T33+S33*T33 -> 0
J34: =B34*I34+C34*I34+D34*I34+E34*I34+F34*I34+G34*I34+H34*I34 -> 0 | U34: =M34*T34+N34*T34+O34*T34+P34*T34+Q34*T34+R34*T34+S34*T34 -> 0
J35: =B35*I35+C35*I35+D35*I35+E35*I35+F35*I35+G35*I35+H35*I35 -> 0 | U35: =M35*T35+N35*T35+O35*T35+P35*T35+Q35*T35+R35*T35+S35*T35 -> 0
J36: =B36*I36+C36*I36+D36*I36+E36*I36+F36*I36+G36*I36+H36*I36 -> 0 | U36: =M36*T36+N36*T36+O36*T36+P36*T36+Q36*T36+R36*T36+S36*T36 -> 0
J37: =B37*I37+C37*I37+D37*I37+E37*I37+F37*I37+G37*I37+H37*I37 -> 0 | U37: =M37*T37+N37*T37+O37*T37+P37*T37+Q37*T37+R37*T37+S37*T37 -> 0
J38: =B38*I38+C38*I38+D38*I38+E38*I38+F38*I38+G38*I38+H38*I38 -> 0 | U38: =M38*T38+N38*T38+O38*T38+P38*T38+Q38*T38+R38*T38+S38*T38 -> 0
J39: =B39*I39+C39*I39+D39*I39+E39*I39+F39*I39+G39*I39+H39*I39 -> 0 | U39: =M39*T39+N39*T39+O39*T39+P39*T39+Q39*T39+R39*T39+S39*T39 -> 0
J40: =B40*I40+C40*I40+D40*I40+E40*I40+F40*I40+G40*I40+H40*I40 -> 0 | U40: =M40*T40+N40*T40+O40*T40+P40*T40+Q40*T40+R40*T40+S40*T40 -> 0
... J140: =B140*I140+C140*I140+D140*I140+E140*I140+F140*I140+G140*I140+H140*I140 -> 0 | U140: =M140*T140+N140*T140+O140*T140+P140*T140+Q140*T140+R140*T140+S140*T140 -> 0
J141: =B141*I141+C141*I141+D141*I141+E141*I141+F141*I141+G141*I141+H141*I141 -> 0 | L141: 45730 | U141: =M141*T141+N141*T141+O141*T141+P141*T141+Q141*T141+R141*T141+S141*T141 -> 0
J142: =B142*I142+C142*I142+D142*I142+E142*I142+F142*I142+G142*I142+H142*I142 -> 0 | U142: =M142*T142+N142*T142+O142*T142+P142*T142+Q142*T142+R142*T142+S142*T142 -> 0
J143: =B143*I143+C143*I143+D143*I143+E143*I143+F143*I143+G143*I143+H143*I143 -> 0 | L143: 45733 | U143: =M143*T143+N143*T143+O143*T143+P143*T143+Q143*T143+R143*T143+S143*T143 -> 0
J144: =B144*I144+C144*I144+D144*I144+E144*I144+F144*I144+G144*I144+H144*I144 -> 0 | U144: =M144*T144+N144*T144+O144*T144+P144*T144+Q144*T144+R144*T144+S144*T144 -> 0
J145: =B145*I145+C145*I145+D145*I145+E145*I145+F145*I145+G145*I145+H145*I145 -> 0 | U145: =M145*T145+N145*T145+O145*T145+P145*T145+Q145*T145+R145*T145+S145*T145 -> 0
J146: =B146*I146+C146*I146+D146*I146+E146*I146+F146*I146+G146*I146+H146*I146 -> 0 | L146: 45734 | U146: =M146*T146+N146*T146+O146*T146+P146*T146+Q146*T146+R146*T146+S146*T146 -> 0
J147: =B147*I147+C147*I147+D147*I147+E147*I147+F147*I147+G147*I147+H147*I147 -> 0 | U147: =M147*T147+N147*T147+O147*T147+P147*T147+Q147*T147+R147*T147+S147*T147 -> 0
J148: =B148*I148+C148*I148+D148*I148+E148*I148+F148*I148+G148*I148+H148*I148 -> 0 | L148: 45735 | U148: =M148*T148+N148*T148+O148*T148+P148*T148+Q148*T148+R148*T148+S148*T148 -> 0
J149: =B149*I149+C149*I149+D149*I149+E149*I149+F149*I149+G149*I149+H149*I149 -> 0 | U149: =M149*T149+N149*T149+O149*T149+P149*T149+Q149*T149+R149*T149+S149*T149 -> 0
J150: =B150*I150+C150*I150+D150*I150+E150*I150+F150*I150+G150*I150+H150*I150 -> 0 | L150: 45736 | U150: =M150*T150+N150*T150+O150*T150+P150*T150+Q150*T150+R150*T150+S150*T150 -> 0
J151: =B151*I151+C151*I151+D151*I151+E151*I151+F151*I151+G151*I151+H151*I151 -> 0 | U151: =M151*T151+N151*T151+O151*T151+P151*T151+Q151*T151+R151*T151+S151*T151 -> 0
J152: =B152*I152+C152*I152+D152*I152+E152*I152+F152*I152+G152*I152+H152*I152 -> 0 | L152: 45737 | U152: =M152*T152+N152*T152+O152*T152+P152*T152+Q152*T152+R152*T152+S152*T152 -> 0
J153: =B153*I153+C153*I153+D153*I153+E153*I153+F153*I153+G153*I153+H153*I153 -> 0 | U153: =M153*T153+N153*T153+O153*T153+P153*T153+Q153*T153+R153*T153+S153*T153 -> 0
J154: =B154*I154+C154*I154+D154*I154+E154*I154+F154*I154+G154*I154+H154*I154 -> 0 | L154: 45740 | U154: =M154*T154+N154*T154+O154*T154+P154*T154+Q154*T154+R154*T154+S154*T154 -> 0
J155: =B155*I155+C155*I155+D155*I155+E155*I155+F155*I155+G155*I155+H155*I155 -> 0 | U155: =M155*T155+N155*T155+O155*T155+P155*T155+Q155*T155+R155*T155+S155*T155 -> 0
J156: =B156*I156+C156*I156+D156*I156+E156*I156+F156*I156+G156*I156+H156*I156 -> 0 | L156: 45741 | U156: =M156*T156+N156*T156+O156*T156+P156*T156+Q156*T156+R156*T156+S156*T156 -> 0
J157: =B157*I157+C157*I157+D157*I157+E157*I157+F157*I157+G157*I157+H157*I157 -> 0 | U157: =M157*T157+N157*T157+O157*T157+P157*T157+Q157*T157+R157*T157+S157*T157 -> 0
J158: =B158*I158+C158*I158+D158*I158+E158*I158+F158*I158+G158*I158+H158*I158 -> 0 | L158: 45742 | U158: =M158*T158+N158*T158+O158*T158+P158*T158+Q158*T158+R158*T158+S158*T158 -> 0
J159: =B159*I159+C159*I159+D159*I159+E159*I159+F159*I159+G159*I159+H159*I159 -> 0 | U159: =M159*T159+N159*T159+O159*T159+P159*T159+Q159*T159+R159*T159+S159*T159 -> 0
J160: =B160*I160+C160*I160+D160*I160+E160*I160+F160*I160+G160*I160+H160*I160 -> 0 | L160: 45744 | U160: =M160*T160+N160*T160+O160*T160+P160*T160+Q160*T160+R160*T160+S160*T160 -> 0
J161: =B161*I161+C161*I161+D161*I161+E161*I161+F161*I161+G161*I161+H161*I161 -> 0 | U161: =M161*T161+N161*T161+O161*T161+P161*T161+Q161*T161+R161*T161+S161*T161 -> 0
J162: =B162*I162+C162*I162+D162*I162+E162*I162+F162*I162+G162*I162+H162*I162 -> 0 | L162: 45747 | U162: =M162*T162+N162*T162+O162*T162+P162*T162+Q162*T162+R162*T162+S162*T162 -> 0
J163: =B163*I163+C163*I163+D163*I163+E163*I163+F163*I163+G163*I163+H163*I163 -> 0 | U163: =M163*T163+N163*T163+O163*T163+P163*T163+Q163*T163+R163*T163+S163*T163 -> 0
J164: =B164*I164+C164*I164+D164*I164+E164*I164+F164*I164+G164*I164+H164*I164 -> 0 | L164: 45748 | U164: =M164*T164+N164*T164+O164*T164+P164*T164+Q164*T164+R164*T164+S164*T164 -> 0
J165: =B165*I165+C165*I165+D165*I165+E165*I165+F165*I165+G165*I165+H165*I165 -> 0 | U165: =M165*T165+N165*T165+O165*T165+P165*T165+Q165*T165+R165*T165+S165*T165 -> 0
J166: =B166*I166+C166*I166+D166*I166+E166*I166+F166*I166+G166*I166+H166*I166 -> 0 | U166: =M166*T166+N166*T166+O166*T166+P166*T166+Q166*T166+R166*T166+S166*T166 -> 0
J167: =B167*I167+C167*I167+D167*I167+E167*I167+F167*I167+G167*I167+H167*I167 -> 0 | L167: 45750 | U167: =M167*T167+N167*T167+O167*T167+P167*T167+Q167*T167+R167*T167+S167*T167 -> 0
J168: =B168*I168+C168*I168+D168*I168+E168*I168+F168*I168+G168*I168+H168*I168 -> 0 | U168: =M168*T168+N168*T168+O168*T168+P168*T168+Q168*T168+R168*T168+S168*T168 -> 0
J169: =B169*I169+C169*I169+D169*I169+E169*I169+F169*I169+G169*I169+H169*I169 -> 0 | L169: 45751 | U169: =M169*T169+N169*T169+O169*T169+P169*T169+Q169*T169+R169*T169+S169*T169 -> 0
J170: =B170*I170+C170*I170+D170*I170+E170*I170+F170*I170+G170*I170+H170*I170 -> 0 | U170: =M170*T170+N170*T170+O170*T170+P170*T170+Q170*T170+R170*T170+S170*T170 -> 0
J171: =B171*I171+C171*I171+D171*I171+E171*I171+F171*I171+G171*I171+H171*I171 -> 0 | L171: 45754 | U171: =M171*T171+N171*T171+O171*T171+P171*T171+Q171*T171+R171*T171+S171*T171 -> 0
J172: =B172*I172+C172*I172+D172*I172+E172*I172+F172*I172+G172*I172+H172*I172 -> 0 | U172: =M172*T172+N172*T172+O172*T172+P172*T172+Q172*T172+R172*T172+S172*T172 -> 0
J173: =B173*I173+C173*I173+D173*I173+E173*I173+F173*I173+G173*I173+H173*I173 -> 0 | U173: =M173*T173+N173*T173+O173*T173+P173*T173+Q173*T173+R173*T173+S173*T173 -> 0
J174: =B174*I174+C174*I174+D174*I174+E174*I174+F174*I174+G174*I174+H174*I174 -> 0 | U174: =M174*T174+N174*T174+O174*T174+P174*T174+Q174*T174+R174*T174+S174*T174 -> 0
J175: =B175*I175+C175*I175+D175*I175+E175*I175+F175*I175+G175*I175+H175*I175 -> 0 | L175: 45755 | U175: =M175*T175+N175*T175+O175*T175+P175*T175+Q175*T175+R175*T175+S175*T175 -> 0
J176: =B176*I176+C176*I176+D176*I176+E176*I176+F176*I176+G176*I176+H176*I176 -> 0 | U176: =M176*T176+N176*T176+O176*T176+P176*T176+Q176*T176+R176*T176+S176*T176 -> 0
J177: =B177*I177+C177*I177+D177*I177+E177*I177+F177*I177+G177*I177+H177*I177 -> 0 | U177: =M177*T177+N177*T177+O177*T177+P177*T177+Q177*T177+R177*T177+S177*T177 -> 0
J178: =B178*I178+C178*I178+D178*I178+E178*I178+F178*I178+G178*I178+H178*I178 -> 0 | L178: 45756 | U178: =M178*T178+N178*T178+O178*T178+P178*T178+Q178*T178+R178*T178+S178*T178 -> 0
J179: =B179*I179+C179*I179+D179*I179+E179*I179+F179*I179+G179*I179+H179*I179 -> 0 | U179: =M179*T179+N179*T179+O179*T179+P179*T179+Q179*T179+R179*T179+S179*T179 -> 0
J180: =B180*I180+C180*I180+D180*I180+E180*I180+F180*I180+G180*I180+H180*I180 -> 0 | L180: 45757 | U180: =M180*T180+N180*T180+O180*T180+P180*T180+Q180*T180+R180*T180+S180*T180 -> 0
J181: =B181*I181+C181*I181+D181*I181+E181*I181+F181*I181+G181*I181+H181*I181 -> 0 | U181: =M181*T181+N181*T181+O181*T181+P181*T181+Q181*T181+R181*T181+S181*T181 -> 0
J182: =B182*I182+C182*I182+D182*I182+E182*I182+F182*I182+G182*I182+H182*I182 -> 0 | U182: =M182*T182+N182*T182+O182*T182+P182*T182+Q182*T182+R182*T182+S182*T182 -> 0
J183: =B183*I183+C183*I183+D183*I183+E183*I183+F183*I183+G183*I183+H183*I183 -> 0 | L183: 11-14.04 | U183: =M183*T183+N183*T183+O183*T183+P183*T183+Q183*T183+R183*T183+S183*T183 -> 0
J184: =B184*I184+C184*I184+D184*I184+E184*I184+F184*I184+G184*I184+H184*I184 -> 0 | U184: =M184*T184+N184*T184+O184*T184+P184*T184+Q184*T184+R184*T184+S184*T184 -> 0
J185: =B185*I185+C185*I185+D185*I185+E185*I185+F185*I185+G185*I185+H185*I185 -> 0 | L185: 45762 | U185: =M185*T185+N185*T185+O185*T185+P185*T185+Q185*T185+R185*T185+S185*T185 -> 0
J186: =B186*I186+C186*I186+D186*I186+E186*I186+F186*I186+G186*I186+H186*I186 -> 0 | U186: =M186*T186+N186*T186+O186*T186+P186*T186+Q186*T186+R186*T186+S186*T186 -> 0
J187: =B187*I187+C187*I187+D187*I187+E187*I187+F187*I187+G187*I187+H187*I187 -> 0 | U187: =M187*T187+N187*T187+O187*T187+P187*T187+Q187*T187+R187*T187+S187*T187 -> 0
J188: =B188*I188+C188*I188+D188*I188+E188*I188+F188*I188+G188*I188+H188*I188 -> 0 | U188: =M188*T188+N188*T188+O188*T188+P188*T188+Q188*T188+R188*T188+S188*T188 -> 0
J189: =B189*I189+C189*I189+D189*I189+E189*I189+F189*I189+G189*I189+H189*I189 -> 0 | U189: =M189*T189+N189*T189+O189*T189+P189*T189+Q189*T189+R189*T189+S189*T189 -> 0
J190: =B190*I190+C190*I190+D190*I190+E190*I190+F190*I190+G190*I190+H190*I190 -> 0 | U190: =M190*T190+N190*T190+O190*T190+P190*T190+Q190*T190+R190*T190+S190*T190 -> 0
J191: =B191*I191+C191*I191+D191*I191+E191*I191+F191*I191+G191*I191+H191*I191 -> 0 | U191: =M191*T191+N191*T191+O191*T191+P191*T191+Q191*T191+R191*T191+S191*T191 -> 0
J192: =B192*I192+C192*I192+D192*I192+E192*I192+F192*I192+G192*I192+H192*I192 -> 0 | U192: =M192*T192+N192*T192+O192*T192+P192*T192+Q192*T192+R192*T192+S192*T192 -> 0
J193: =B193*I193+C193*I193+D193*I193+E193*I193+F193*I193+G193*I193+H193*I193 -> 0 | U193: =M193*T193+N193*T193+O193*T193+P193*T193+Q193*T193+R193*T193+S193*T193 -> 0
J194: =B194*I194+C194*I194+D194*I194+E194*I194+F194*I194+G194*I194+H194*I194 -> 0 | U194: =M194*T194+N194*T194+O194*T194+P194*T194+Q194*T194+R194*T194+S194*T194 -> 0
J195: =B195*I195+C195*I195+D195*I195+E195*I195+F195*I195+G195*I195+H195*I195 -> 0 | U195: =M195*T195+N195*T195+O195*T195+P195*T195+Q195*T195+R195*T195+S195*T195 -> 0
J196: =B196*I196+C196*I196+D196*I196+E196*I196+F196*I196+G196*I196+H196*I196 -> 0 | U196: =M196*T196+N196*T196+O196*T196+P196*T196+Q196*T196+R196*T196+S196*T196 -> 0
J197: =B197*I197+C197*I197+D197*I197+E197*I197+F197*I197+G197*I197+H197*I197 -> 0 | U197: =M197*T197+N197*T197+O197*T197+P197*T197+Q197*T197+R197*T197+S197*T197 -> 0
J198: =B198*I198+C198*I198+D198*I198+E198*I198+F198*I198+G198*I198+H198*I198 -> 0 | U198: =M198*T198+N198*T198+O198*T198+P198*T198+Q198*T198+R198*T198+S198*T198 -> 0
B199: =SUM(B3:B198) -> 4500 | C199: =SUM(C3:C198) -> 0 | D199: =SUM(D3:D198) -> 2000 | E199: =SUM(E3:E198) -> 0 | F199: =SUM(F3:F198) -> 3525 | G199: =SUM(G3:G198) -> 0 | H199: =SUM(H3:H198) -> 0 | J199: =B199*I199+D199*I199+F199*I199 -> 0 | M199: =SUM(M3:M198) -> 1350 | N199: =SUM(N3:N198) -> 0 | O199: =SUM(O3:O198) -> 350 | P199: =SUM(P3:P198) -> 0 | Q199: =SUM(Q3:Q198) -> 2175 | R199: =SUM(R3:R198) -> 0 | S199: =SUM(S3:S198) -> 0
...

Sheet КрахмалПрод
A1: дата поставки | B1: патока крахм, кг | C1: цена | D1: на сумму | F1: дата выдачи на пр-во | G1: патока крахм, кг | H1: цена | I1: на сумму | L1: патока крахм, кг | M1: патока крахм, кг
A2: 2025 год | F2: 2025 год | L2: =0+B95-G95 -> 3424 | M2: =0+C95-H95 -> 0
A3: 45772 | B3: 1680 | C3: 59 | D3: =B3*C3 -> 99120 | F3: 45777 | G3: 128 | H3: 59 | I3: =G3*H3 -> 7552 | L3: 57 | M3: 59
A4: 10-11 мая | B4: 128 | C4: 59 | D4: =B4*C4 -> 7552 | F4: 07 мая | G4: 256 | H4: 57 | I4: =G4*H4 -> 14592 | L4: =L2*L3 -> 195168 | M4: =M2*M3 -> 0
A5: 20 мая | B5: 2240 | C5: 59 | D5: =B5*C5 -> 132160 | F5: 13 мая | G5: 128 | H5: 59 | I5: =G5*H5 -> 7552
B6: 144 | C6: 60 | D6: =B6*C6 -> 8640 | F6: 17 мая | G6: 128 | H6: 59 | I6: =G6*H6 -> 7552
D7: =B7*C7 -> 0 | F7: 23 мая | G7: 128 | H7: 60 | I7: =G7*H7 -> 7680
D8: =B8*C8 -> 0 | I8: =G8*H8 -> 0
D9: =B9*C9 -> 0 | I9: =G9*H9 -> 0
D10: =B10*C10 -> 0 | I10: =G10*H10 -> 0
D11: =B11*C11 -> 0 | I11: =G11*H11 -> 0
D12: =B12*C12 -> 0 | I12: =G12*H12 -> 0
D13: =B13*C13 -> 0 | I13: =G13*H13 -> 0
D14: =B14*C14 -> 0 | I14: =G14*H14 -> 0
D15: =B15*C15 -> 0 | I15: =G15*H15 -> 0
D16: =B16*C16 -> 0 | I16: =G16*H16 -> 0
D17: =B17*C17 -> 0 | I17: =G17*H17 -> 0
D18: =B18*C18 -> 0 | I18: =G18*H18 -> 0
D19: =B19*C19 -> 0 | I19: =G19*H19 -> 0
... D93: =B93*C93 -> 0 | I93: =G93*H93 -> 0
D94: =B94*C94 -> 0
B95: =SUM(B3:B94) -> 4192 | G95: =SUM(G3:G94) -> 768

Sheet РесурсГр
A1: дата поставки | B1: крахмал кукурузный ГОСТ | C1: крахмал кукурузный ГОСТ, 48р. | D1: крахмал кукурузный Е1422 | E1: крахмал кукурузный Е1422, 183р. | F1: крахмал кукурузный Е1414 | G1: крахмал кукурузный Е1414, 183р. | H1: мука кукурузная | I1: цена | J1: на сумму | L1: дата выдачи на пр-во | M1: крахмал кукурузный ГОСТ | N1: крахмал кукурузный ГОСТ, 48р. | O1: крахмал кукурузный Е1422 | P1: крахмал кукурузный Е1422, 183р. | Q1: крахмал кукурузный Е1414 | R1: крахмал кукурузный Е1414, 183р. | S1: мука кукурузная | T1: цена | U1: на сумму | W1: крахмал кукурузный ГОСТ | X1: крахмал кукурузный Е1422 | Y1: крахмал кукурузный Е1414 | Z1: крахмал кукурузный ГОСТ, 48р. | AA1: крахмал кукурузный Е1422, 183р. | AB1: крахмал кукурузный Е1414, 183р. | AC1: мука кукурузная
A2: 2024 год | L2: 2024 год | W2: =0+B221-M221 -> 50 | X2: =0+D221-O221 -> 0 | Y2: =0+F221-Q221 -> 0 | Z2: =0+C221-N221 -> 0 | AA2: =0+E221-P221 -> 75 | AB2: =0+G221-R221 -> 0 | AC2: =0+H221-S221 -> 0
A3: 45510 | B3: 2000 | I3: 49 | J3: =B3*I3+C3*I3+D3*I3+E3*I3+F3*I3+G3*I3+H3*I3 -> 98000 | M3: 5 | T3: 49 | U3: =M3*T3+N3*T3+O3*T3+P3*T3+Q3*T3+R3*T3+S3*T3 -> 245 | W3: 47 | X3: 185 | Y3: 185 | Z3: 48 | AA3: 183 | AB3: 183 | AC3: 37
D4: 2000 | I4: 185 | J4: =B4*I4+C4*I4+D4*I4+E4*I4+F4*I4+G4*I4+H4*I4 -> 370000 | O4: 9 | Q4: 2.3 | T4: 185 | U4: =M4*T4+N4*T4+O4*T4+P4*T4+Q4*T4+R4*T4+S4*T4 -> 2090.5 | W4: =W2*W3 -> 2350 | X4: =X2*X3 -> 0 | Y4: =Y2*Y3 -> 0 | Z4: =Z2*Z3 -> 0 | AA4: =AA2*AA3 -> 13725 | AB4: =AB2*AB3 -> 0 | AC4: =AC2*AC3 -> 0
F5: 1200 | I5: 185 | J5: =B5*I5+C5*I5+D5*I5+E5*I5+F5*I5+G5*I5+H5*I5 -> 222000 | L5: 45535 | M5: 12 | T5: 49 | U5: =M5*T5+N5*T5+O5*T5+P5*T5+Q5*T5+R5*T5+S5*T5 -> 588
J6: =B6*I6+C6*I6+D6*I6+E6*I6+F6*I6+G6*I6+H6*I6 -> 0 | O6: 9 | Q6: 7 | T6: 185 | U6: =M6*T6+N6*T6+O6*T6+P6*T6+Q6*T6+R6*T6+S6*T6 -> 2960
J7: =B7*I7+C7*I7+D7*I7+E7*I7+F7*I7+G7*I7+H7*I7 -> 0 | L7: 45545 | M7: 1 | T7: 49 | U7: =M7*T7+N7*T7+O7*T7+P7*T7+Q7*T7+R7*T7+S7*T7 -> 49
J8: =B8*I8+C8*I8+D8*I8+E8*I8+F8*I8+G8*I8+H8*I8 -> 0 | O8: 2 | Q8: 2 | T8: 185 | U8: =M8*T8+N8*T8+O8*T8+P8*T8+Q8*T8+R8*T8+S8*T8 -> 740
J9: =B9*I9+C9*I9+D9*I9+E9*I9+F9*I9+G9*I9+H9*I9 -> 0 | L9: 45551 | M9: 5 | T9: 49 | U9: =M9*T9+N9*T9+O9*T9+P9*T9+Q9*T9+R9*T9+S9*T9 -> 245
J10: =B10*I10+C10*I10+D10*I10+E10*I10+F10*I10+G10*I10+H10*I10 -> 0 | O10: 3 | Q10: 3 | T10: 185 | U10: =M10*T10+N10*T10+O10*T10+P10*T10+Q10*T10+R10*T10+S10*T10 -> 1110
J11: =B11*I11+C11*I11+D11*I11+E11*I11+F11*I11+G11*I11+H11*I11 -> 0 | L11: 45558 | M11: 12.2 | T11: 49 | U11: =M11*T11+N11*T11+O11*T11+P11*T11+Q11*T11+R11*T11+S11*T11 -> 597.8
J12: =B12*I12+C12*I12+D12*I12+E12*I12+F12*I12+G12*I12+H12*I12 -> 0 | O12: 3.6 | Q12: 4.6 | T12: 185 | U12: =M12*T12+N12*T12+O12*T12+P12*T12+Q12*T12+R12*T12+S12*T12 -> 1517
J13: =B13*I13+C13*I13+D13*I13+E13*I13+F13*I13+G13*I13+H13*I13 -> 0 | L13: 45561 | M13: 10.6 | T13: 49 | U13: =M13*T13+N13*T13+O13*T13+P13*T13+Q13*T13+R13*T13+S13*T13 -> 519.4
J14: =B14*I14+C14*I14+D14*I14+E14*I14+F14*I14+G14*I14+H14*I14 -> 0 | O14: 3.6 | Q14: 6.2 | T14: 185 | U14: =M14*T14+N14*T14+O14*T14+P14*T14+Q14*T14+R14*T14+S14*T14 -> 1813
J15: =B15*I15+C15*I15+D15*I15+E15*I15+F15*I15+G15*I15+H15*I15 -> 0 | L15: 45566 | M15: 1 | T15: 49 | U15: =M15*T15+N15*T15+O15*T15+P15*T15+Q15*T15+R15*T15+S15*T15 -> 49
J16: =B16*I16+C16*I16+D16*I16+E16*I16+F16*I16+G16*I16+H16*I16 -> 0 | O16: 1 | Q16: 1 | T16: 185 | U16: =M16*T16+N16*T16+O16*T16+P16*T16+Q16*T16+R16*T16+S16*T16 -> 370
J17: =B17*I17+C17*I17+D17*I17+E17*I17+F17*I17+G17*I17+H17*I17 -> 0 | L17: 45567 | M17: 14.6 | T17: 49 | U17: =M17*T17+N17*T17+O17*T17+P17*T17+Q17*T17+R17*T17+S17*T17 -> 715.4
J18: =B18*I18+C18*I18+D18*I18+E18*I18+F18*I18+G18*I18+H18*I18 -> 0 | O18: 8 | Q18: 4 | T18: 185 | U18: =M18*T18+N18*T18+O18*T18+P18*T18+Q18*T18+R18*T18+S18*T18 -> 2220
J19: =B19*I19+C19*I19+D19*I19+E19*I19+F19*I19+G19*I19+H19*I19 -> 0 | L19: 45568 | M19: 33 | T19: 49 | U19: =M19*T19+N19*T19+O19*T19+P19*T19+Q19*T19+R19*T19+S19*T19 -> 1617
J20: =B20*I20+C20*I20+D20*I20+E20*I20+F20*I20+G20*I20+H20*I20 -> 0 | O20: 10.8 | Q20: 25.8 | T20: 185 | U20: =M20*T20+N20*T20+O20*T20+P20*T20+Q20*T20+R20*T20+S20*T20 -> 6771
J21: =B21*I21+C21*I21+D21*I21+E21*I21+F21*I21+G21*I21+H21*I21 -> 0 | L21: 45569 | M21: 55.6 | T21: 49 | U21: =M21*T21+N21*T21+O21*T21+P21*T21+Q21*T21+R21*T21+S21*T21 -> 2724.4
J22: =B22*I22+C22*I22+D22*I22+E22*I22+F22*I22+G22*I22+H22*I22 -> 0 | O22: 0 | Q22: 69.1 | T22: 185 | U22: =M22*T22+N22*T22+O22*T22+P22*T22+Q22*T22+R22*T22+S22*T22 -> 12783.5
J23: =B23*I23+C23*I23+D23*I23+E23*I23+F23*I23+G23*I23+H23*I23 -> 0 | L23: 45572 | M23: 52.5 | T23: 49 | U23: =M23*T23+N23*T23+O23*T23+P23*T23+Q23*T23+R23*T23+S23*T23 -> 2572.5
J24: =B24*I24+C24*I24+D24*I24+E24*I24+F24*I24+G24*I24+H24*I24 -> 0 | O24: 15 | Q24: 36 | T24: 185 | U24: =M24*T24+N24*T24+O24*T24+P24*T24+Q24*T24+R24*T24+S24*T24 -> 9435
J25: =B25*I25+C25*I25+D25*I25+E25*I25+F25*I25+G25*I25+H25*I25 -> 0 | L25: 45576 | M25: 22.5 | U25: =M25*T25+N25*T25+O25*T25+P25*T25+Q25*T25+R25*T25+S25*T25 -> 0
J26: =B26*I26+C26*I26+D26*I26+E26*I26+F26*I26+G26*I26+H26*I26 -> 0 | O26: 10 | T26: 185 | U26: =M26*T26+N26*T26+O26*T26+P26*T26+Q26*T26+R26*T26+S26*T26 -> 1850
J27: =B27*I27+C27*I27+D27*I27+E27*I27+F27*I27+G27*I27+H27*I27 -> 0 | L27: 45580 | M27: 24.8 | T27: 49 | U27: =M27*T27+N27*T27+O27*T27+P27*T27+Q27*T27+R27*T27+S27*T27 -> 1215.2
J28: =B28*I28+C28*I28+D28*I28+E28*I28+F28*I28+G28*I28+H28*I28 -> 0 | O28: 11.2 | Q28: 27.2 | T28: 185 | U28: =M28*T28+N28*T28+O28*T28+P28*T28+Q28*T28+R28*T28+S28*T28 -> 7104
J29: =B29*I29+C29*I29+D29*I29+E29*I29+F29*I29+G29*I29+H29*I29 -> 0 | L29: 45581 | M29: 49.6 | T29: 49 | U29: =M29*T29+N29*T29+O29*T29+P29*T29+Q29*T29+R29*T29+S29*T29 -> 2430.4
J30: =B30*I30+C30*I30+D30*I30+E30*I30+F30*I30+G30*I30+H30*I30 -> 0 | O30: 22.4 | Q30: 54.4 | T30: 185 | U30: =M30*T30+N30*T30+O30*T30+P30*T30+Q30*T30+R30*T30+S30*T30 -> 14208
J31: =B31*I31+C31*I31+D31*I31+E31*I31+F31*I31+G31*I31+H31*I31 -> 0 | L31: 45582 | M31: 48 | T31: 49 | U31: =M31*T31+N31*T31+O31*T31+P31*T31+Q31*T31+R31*T31+S31*T31 -> 2352
J32: =B32*I32+C32*I32+D32*I32+E32*I32+F32*I32+G32*I32+H32*I32 -> 0 | O32: 22.4 | Q32: 56 | T32: 185 | U32: =M32*T32+N32*T32+O32*T32+P32*T32+Q32*T32+R32*T32+S32*T32 -> 14504
J33: =B33*I33+C33*I33+D33*I33+E33*I33+F33*I33+G33*I33+H33*I33 -> 0 | L33: 45583 | M33: 11 | T33: 49 | U33: =M33*T33+N33*T33+O33*T33+P33*T33+Q33*T33+R33*T33+S33*T33 -> 539
J34: =B34*I34+C34*I34+D34*I34+E34*I34+F34*I34+G34*I34+H34*I34 -> 0 | O34: 6.1 | Q34: 14.5 | T34: 185 | U34: =M34*T34+N34*T34+O34*T34+P34*T34+Q34*T34+R34*T34+S34*T34 -> 3811
J35: =B35*I35+C35*I35+D35*I35+E35*I35+F35*I35+G35*I35+H35*I35 -> 0 | L35: 45587 | M35: 11 | T35: 49 | U35: =M35*T35+N35*T35+O35*T35+P35*T35+Q35*T35+R35*T35+S35*T35 -> 539
J36: =B36*I36+C36*I36+D36*I36+E36*I36+F36*I36+G36*I36+H36*I36 -> 0 | O36: 6.1 | Q36: 14.5 | T36: 185 | U36: =M36*T36+N36*T36+O36*T36+P36*T36+Q36*T36+R36*T36+S36*T36 -> 3811
J37: =B37*I37+C37*I37+D37*I37+E37*I37+F37*I37+G37*I37+H37*I37 -> 0 | L37: 45589 | M37: 33 | T37: 49 | U37: =M37*T37+N37*T37+O37*T37+P37*T37+Q37*T37+R37*T37+S37*T37 -> 1617
J38: =B38*I38+C38*I38+D38*I38+E38*I38+F38*I38+G38*I38+H38*I38 -> 0 | O38: 18.3 | Q38: 43.5 | T38: 185 | U38: =M38*T38+N38*T38+O38*T38+P38*T38+Q38*T38+R38*T38+S38*T38 -> 11433
J39: =B39*I39+C39*I39+D39*I39+E39*I39+F39*I39+G39*I39+H39*I39 -> 0 | L39: 45594 | M39: 297.6 | T39: 49 | U39: =M39*T39+N39*T39+O39*T39+P39*T39+Q39*T39+R39*T39+S39*T39 -> 14582.4
J40: =B40*I40+C40*I40+D40*I40+E40*I40+F40*I40+G40*I40+H40*I40 -> 0 | O40: 38.5 | Q40: 153.9 | T40: 185 | U40: =M40*T40+N40*T40+O40*T40+P40*T40+Q40*T40+R40*T40+S40*T40 -> 35594
J41: =B41*I41+C41*I41+D41*I41+E41*I41+F41*I41+G41*I41+H41*I41 -> 0 | L41: 45595 | M41: 100 | T41: 49 | U41: =M41*T41+N41*T41+O41*T41+P41*T41+Q41*T41+R41*T41+S41*T41 -> 4900
J42: =B42*I42+C42*I42+D42*I42+E42*I42+F42*I42+G42*I42+H42*I42 -> 0 | Q42: 75 | T42: 185 | U42: =M42*T42+N42*T42+O42*T42+P42*T42+Q42*T42+R42*T42+S42*T42 -> 13875
J43: =B43*I43+C43*I43+D43*I43+E43*I43+F43*I43+G43*I43+H43*I43 -> 0 | L43: 45597 | M43: 100 | T43: 49 | U43: =M43*T43+N43*T43+O43*T43+P43*T43+Q43*T43+R43*T43+S43*T43 -> 4900
J44: =B44*I44+C44*I44+D44*I44+E44*I44+F44*I44+G44*I44+H44*I44 -> 0 | O44: 25 | Q44: 50 | T44: 185 | U44: =M44*T44+N44*T44+O44*T44+P44*T44+Q44*T44+R44*T44+S44*T44 -> 13875
J45: =B45*I45+C45*I45+D45*I45+E45*I45+F45*I45+G45*I45+H45*I45 -> 0 | L45: 45601 | M45: 50 | T45: 49 | U45: =M45*T45+N45*T45+O45*T45+P45*T45+Q45*T45+R45*T45+S45*T45 -> 2450
J46: =B46*I46+C46*I46+D46*I46+E46*I46+F46*I46+G46*I46+H46*I46 -> 0 | O46: 25 | Q46: 125 | T46: 185 | U46: =M46*T46+N46*T46+O46*T46+P46*T46+Q46*T46+R46*T46+S46*T46 -> 27750
A47: 45603 | F47: 1000 | I47: 185 | J47: =B47*I47+C47*I47+D47*I47+E47*I47+F47*I47+G47*I47+H47*I47 -> 185000 | L47: 45604 | M47: 75 | T47: 49 | U47: =M47*T47+N47*T47+O47*T47+P47*T47+Q47*T47+R47*T47+S47*T47 -> 3675
J48: =B48*I48+C48*I48+D48*I48+E48*I48+F48*I48+G48*I48+H48*I48 -> 0 | O48: 25 | T48: 185 | U48: =M48*T48+N48*T48+O48*T48+P48*T48+Q48*T48+R48*T48+S48*T48 -> 4625
J49: =B49*I49+C49*I49+D49*I49+E49*I49+F49*I49+G49*I49+H49*I49 -> 0 | L49: 45618 | O49: 50 | Q49: 75 | T49: 185 | U49: =M49*T49+N49*T49+O49*T49+P49*T49+Q49*T49+R49*T49+S49*T49 -> 23125
J50: =B50*I50+C50*I50+D50*I50+E50*I50+F50*I50+G50*I50+H50*I50 -> 0 | L50: 45630 | M50: 50 | T50: 49 | U50: =M50*T50+N50*T50+O50*T50+P50*T50+Q50*T50+R50*T50+S50*T50 -> 2450
J51: =B51*I51+C51*I51+D51*I51+E51*I51+F51*I51+G51*I51+H51*I51 -> 0 | O51: 25 | Q51: 25 | T51: 185 | U51: =M51*T51+N51*T51+O51*T51+P51*T51+Q51*T51+R51*T51+S51*T51 -> 9250
J52: =B52*I52+C52*I52+D52*I52+E52*I52+F52*I52+G52*I52+H52*I52 -> 0 | L52: 45631 | M52: 50 | T52: 49 | U52: =M52*T52+N52*T52+O52*T52+P52*T52+Q52*T52+R52*T52+S52*T52 -> 2450
J53: =B53*I53+C53*I53+D53*I53+E53*I53+F53*I53+G53*I53+H53*I53 -> 0 | Q53: 25 | T53: 185 | U53: =M53*T53+N53*T53+O53*T53+P53*T53+Q53*T53+R53*T53+S53*T53 -> 4625
J54: =B54*I54+C54*I54+D54*I54+E54*I54+F54*I54+G54*I54+H54*I54 -> 0 | L54: 45632 | M54: 75 | T54: 49 | U54: =M54*T54+N54*T54+O54*T54+P54*T54+Q54*T54+R54*T54+S54*T54 -> 3675
J55: =B55*I55+C55*I55+D55*I55+E55*I55+F55*I55+G55*I55+H55*I55 -> 0 | Q55: 50 | T55: 185 | U55: =M55*T55+N55*T55+O55*T55+P55*T55+Q55*T55+R55*T55+S55*T55 -> 9250
J56: =B56*I56+C56*I56+D56*I56+E56*I56+F56*I56+G56*I56+H56*I56 -> 0 | L56: 45635 | M56: 125 | T56: 49 | U56: =M56*T56+N56*T56+O56*T56+P56*T56+Q56*T56+R56*T56+S56*T56 -> 6125
J57: =B57*I57+C57*I57+D57*I57+E57*I57+F57*I57+G57*I57+H57*I57 -> 0 | O57: 25 | Q57: 25 | T57: 185 | U57: =M57*T57+N57*T57+O57*T57+P57*T57+Q57*T57+R57*T57+S57*T57 -> 9250
J58: =B58*I58+C58*I58+D58*I58+E58*I58+F58*I58+G58*I58+H58*I58 -> 0 | L58: 45636 | M58: 50 | T58: 49 | U58: =M58*T58+N58*T58+O58*T58+P58*T58+Q58*T58+R58*T58+S58*T58 -> 2450
J59: =B59*I59+C59*I59+D59*I59+E59*I59+F59*I59+G59*I59+H59*I59 -> 0 | O59: 50 | Q59: 25 | T59: 185 | U59: =M59*T59+N59*T59+O59*T59+P59*T59+Q59*T59+R59*T59+S59*T59 -> 13875
J60: =B60*I60+C60*I60+D60*I60+E60*I60+F60*I60+G60*I60+H60*I60 -> 0 | L60: 45637 | M60: 75 | T60: 49 | U60: =M60*T60+N60*T60+O60*T60+P60*T60+Q60*T60+R60*T60+S60*T60 -> 3675
J61: =B61*I61+C61*I61+D61*I61+E61*I61+F61*I61+G61*I61+H61*I61 -> 0 | Q61: 50 | T61: 185 | U61: =M61*T61+N61*T61+O61*T61+P61*T61+Q61*T61+R61*T61+S61*T61 -> 9250
J62: =B62*I62+C62*I62+D62*I62+E62*I62+F62*I62+G62*I62+H62*I62 -> 0 | L62: 45638 | M62: 25 | T62: 49 | U62: =M62*T62+N62*T62+O62*T62+P62*T62+Q62*T62+R62*T62+S62*T62 -> 1225
J63: =B63*I63+C63*I63+D63*I63+E63*I63+F63*I63+G63*I63+H63*I63 -> 0 | Q63: 50 | T63: 185 | U63: =M63*T63+N63*T63+O63*T63+P63*T63+Q63*T63+R63*T63+S63*T63 -> 9250
J64: =B64*I64+C64*I64+D64*I64+E64*I64+F64*I64+G64*I64+H64*I64 -> 0 | L64: 45639 | M64: 50 | T64: 49 | U64: =M64*T64+N64*T64+O64*T64+P64*T64+Q64*T64+R64*T64+S64*T64 -> 2450
J65: =B65*I65+C65*I65+D65*I65+E65*I65+F65*I65+G65*I65+H65*I65 -> 0 | O65: 75 | Q65: 75 | T65: 185 | U65: =M65*T65+N65*T65+O65*T65+P65*T65+Q65*T65+R65*T65+S65*T65 -> 27750
J66: =B66*I66+C66*I66+D66*I66+E66*I66+F66*I66+G66*I66+H66*I66 -> 0 | L66: 45642 | M66: 25 | T66: 49 | U66: =M66*T66+N66*T66+O66*T66+P66*T66+Q66*T66+R66*T66+S66*T66 -> 1225
A67: 45645 | B67: 2000 | I67: 49 | J67: =B67*I67+C67*I67+D67*I67+E67*I67+F67*I67+G67*I67+H67*I67 -> 98000 | Q67: 25 | T67: 185 | U67: =M67*T67+N67*T67+O67*T67+P67*T67+Q67*T67+R67*T67+S67*T67 -> 4625
J68: =B68*I68+C68*I68+D68*I68+E68*I68+F68*I68+G68*I68+H68*I68 -> 0 | L68: 45643 | M68: 25 | T68: 49 | U68: =M68*T68+N68*T68+O68*T68+P68*T68+Q68*T68+R68*T68+S68*T68 -> 1225
J69: =B69*I69+C69*I69+D69*I69+E69*I69+F69*I69+G69*I69+H69*I69 -> 0 | Q69: 50 | T69: 185 | U69: =M69*T69+N69*T69+O69*T69+P69*T69+Q69*T69+R69*T69+S69*T69 -> 9250
J70: =B70*I70+C70*I70+D70*I70+E70*I70+F70*I70+G70*I70+H70*I70 -> 0 | L70: 45644 | M70: 75 | T70: 49 | U70: =M70*T70+N70*T70+O70*T70+P70*T70+Q70*T70+R70*T70+S70*T70 -> 3675
J71: =B71*I71+C71*I71+D71*I71+E71*I71+F71*I71+G71*I71+H71*I71 -> 0 | Q71: 25 | T71: 185 | U71: =M71*T71+N71*T71+O71*T71+P71*T71+Q71*T71+R71*T71+S71*T71 -> 4625
J72: =B72*I72+C72*I72+D72*I72+E72*I72+F72*I72+G72*I72+H72*I72 -> 0 | L72: 45645 | M72: 25 | T72: 49 | U72: =M72*T72+N72*T72+O72*T72+P72*T72+Q72*T72+R72*T72+S72*T72 -> 1225
J73: =B73*I73+C73*I73+D73*I73+E73*I73+F73*I73+G73*I73+H73*I73 -> 0 | O73: 25 | T73: 185 | U73: =M73*T73+N73*T73+O73*T73+P73*T73+Q73*T73+R73*T73+S73*T73 -> 4625
J74: =B74*I74+C74*I74+D74*I74+E74*I74+F74*I74+G74*I74+H74*I74 -> 0 | L74: 45649 | M74: 125 | T74: 49 | U74: =M74*T74+N74*T74+O74*T74+P74*T74+Q74*T74+R74*T74+S74*T74 -> 6125
J75: =B75*I75+C75*I75+D75*I75+E75*I75+F75*I75+G75*I75+H75*I75 -> 0 | Q75: 75 | T75: 185 | U75: =M75*T75+N75*T75+O75*T75+P75*T75+Q75*T75+R75*T75+S75*T75 -> 13875
J76: =B76*I76+C76*I76+D76*I76+E76*I76+F76*I76+G76*I76+H76*I76 -> 0 | L76: 45650 | M76: 75 | T76: 49 | U76: =M76*T76+N76*T76+O76*T76+P76*T76+Q76*T76+R76*T76+S76*T76 -> 3675
J77: =B77*I77+C77*I77+D77*I77+E77*I77+F77*I77+G77*I77+H77*I77 -> 0 | O77: 50 | Q77: 100 | T77: 185 | U77: =M77*T77+N77*T77+O77*T77+P77*T77+Q77*T77+R77*T77+S77*T77 -> 27750
A78: 2025 год | J78: =B78*I78+C78*I78+D78*I78+E78*I78+F78*I78+G78*I78+H78*I78 -> 0 | L78: 2025 год | U78: =M78*T78+N78*T78+O78*T78+P78*T78+Q78*T78+R78*T78+S78*T78 -> 0
J79: =B79*I79+C79*I79+D79*I79+E79*I79+F79*I79+G79*I79+H79*I79 -> 0 | L79: 45666 | M79: 100 | T79: 49 | U79: =M79*T79+N79*T79+O79*T79+P79*T79+Q79*T79+R79*T79+S79*T79 -> 4900
J80: =B80*I80+C80*I80+D80*I80+E80*I80+F80*I80+G80*I80+H80*I80 -> 0 | O80: 25 | Q80: 75 | T80: 185 | U80: =M80*T80+N80*T80+O80*T80+P80*T80+Q80*T80+R80*T80+S80*T80 -> 18500
J81: =B81*I81+C81*I81+D81*I81+E81*I81+F81*I81+G81*I81+H81*I81 -> 0 | L81: 45667 | M81: 50 | T81: 49 | U81: =M81*T81+N81*T81+O81*T81+P81*T81+Q81*T81+R81*T81+S81*T81 -> 2450
J82: =B82*I82+C82*I82+D82*I82+E82*I82+F82*I82+G82*I82+H82*I82 -> 0 | O82: 25 | Q82: 25 | T82: 185 | U82: =M82*T82+N82*T82+O82*T82+P82*T82+Q82*T82+R82*T82+S82*T82 -> 9250
J83: =B83*I83+C83*I83+D83*I83+E83*I83+F83*I83+G83*I83+H83*I83 -> 0 | L83: 45671 | O83: 25 | Q83: 50 | T83: 185 | U83: =M83*T83+N83*T83+O83*T83+P83*T83+Q83*T83+R83*T83+S83*T83 -> 13875
J84: =B84*I84+C84*I84+D84*I84+E84*I84+F84*I84+G84*I84+H84*I84 -> 0 | M84: 50 | T84: 49 | U84: =M84*T84+N84*T84+O84*T84+P84*T84+Q84*T84+R84*T84+S84*T84 -> 2450
J85: =B85*I85+C85*I85+D85*I85+E85*I85+F85*I85+G85*I85+H85*I85 -> 0 | L85: 45672 | O85: 25 | Q85: 50 | T85: 185 | U85: =M85*T85+N85*T85+O85*T85+P85*T85+Q85*T85+R85*T85+S85*T85 -> 13875
J86: =B86*I86+C86*I86+D86*I86+E86*I86+F86*I86+G86*I86+H86*I86 -> 0 | M86: 50 | T86: 49 | U86: =M86*T86+N86*T86+O86*T86+P86*T86+Q86*T86+R86*T86+S86*T86 -> 2450
J87: =B87*I87+C87*I87+D87*I87+E87*I87+F87*I87+G87*I87+H87*I87 -> 0 | L87: 45673 | O87: 50 | Q87: 75 | T87: 185 | U87: =M87*T87+N87*T87+O87*T87+P87*T87+Q87*T87+R87*T87+S87*T87 -> 23125
J88: =B88*I88+C88*I88+D88*I88+E88*I88+F88*I88+G88*I88+H88*I88 -> 0 | M88: 75 | T88: 49 | U88: =M88*T88+N88*T88+O88*T88+P88*T88+Q88*T88+R88*T88+S88*T88 -> 3675
A89: 45677 | F89: 2000 | I89: 185 | J89: =B89*I89+C89*I89+D89*I89+E89*I89+F89*I89+G89*I89+H89*I89 -> 370000 | L89: 45678 | M89: 25 | T89: 49 | U89: =M89*T89+N89*T89+O89*T89+P89*T89+Q89*T89+R89*T89+S89*T89 -> 1225
J90: =B90*I90+C90*I90+D90*I90+E90*I90+F90*I90+G90*I90+H90*I90 -> 0 | L90: 45680 | O90: 25 | Q90: 25 | T90: 185 | U90: =M90*T90+N90*T90+O90*T90+P90*T90+Q90*T90+R90*T90+S90*T90 -> 9250
J91: =B91*I91+C91*I91+D91*I91+E91*I91+F91*I91+G91*I91+H91*I91 -> 0 | M91: 25 | T91: 49 | U91: =M91*T91+N91*T91+O91*T91+P91*T91+Q91*T91+R91*T91+S91*T91 -> 1225
J92: =B92*I92+C92*I92+D92*I92+E92*I92+F92*I92+G92*I92+H92*I92 -> 0 | L92: 45681 | M92: 25 | T92: 49 | U92: =M92*T92+N92*T92+O92*T92+P92*T92+Q92*T92+R92*T92+S92*T92 -> 1225
J93: =B93*I93+C93*I93+D93*I93+E93*I93+F93*I93+G93*I93+H93*I93 -> 0 | L93: 45684 | O93: 50 | Q93: 100 | T93: 185 | U93: =M93*T93+N93*T93+O93*T93+P93*T93+Q93*T93+R93*T93+S93*T93 -> 27750
J94: =B94*I94+C94*I94+D94*I94+E94*I94+F94*I94+G94*I94+H94*I94 -> 0 | M94: 100 | T94: 49 | U94: =M94*T94+N94*T94+O94*T94+P94*T94+Q94*T94+R94*T94+S94*T94 -> 4900
J95: =B95*I95+C95*I95+D95*I95+E95*I95+F95*I95+G95*I95+H95*I95 -> 0 | L95: 45685 | O95: 25 | Q95: 50 | T95: 185 | U95: =M95*T95+N95*T95+O95*T95+P95*T95+Q95*T95+R95*T95+S95*T95 -> 13875
J96: =B96*I96+C96*I96+D96*I96+E96*I96+F96*I96+G96*I96+H96*I96 -> 0 | M96: 75 | T96: 49 | U96: =M96*T96+N96*T96+O96*T96+P96*T96+Q96*T96+R96*T96+S96*T96 -> 3675
J97: =B97*I97+C97*I97+D97*I97+E97*I97+F97*I97+G97*I97+H97*I97 -> 0 | L97: 45686 | O97: 25 | Q97: 75 | T97: 185 | U97: =M97*T97+N97*T97+O97*T97+P97*T97+Q97*T97+R97*T97+S97*T97 -> 18500
J98: =B98*I98+C98*I98+D98*I98+E98*I98+F98*I98+G98*I98+H98*I98 -> 0 | M98: 75 | T98: 49 | U98: =M98*T98+N98*T98+O98*T98+P98*T98+Q98*T98+R98*T98+S98*T98 -> 3675
J99: =B99*I99+C99*I99+D99*I99+E99*I99+F99*I99+G99*I99+H99*I99 -> 0 | L99: 45687 | O99: 50 | Q99: 25 | T99: 185 | U99: =M99*T99+N99*T99+O99*T99+P99*T99+Q99*T99+R99*T99+S99*T99 -> 13875
J100: =B100*I100+C100*I100+D100*I100+E100*I100+F100*I100+G100*I100+H100*I100 -> 0 | M100: 100 | T100: 49 | U100: =M100*T100+N100*T100+O100*T100+P100*T100+Q100*T100+R100*T100+S100*T100 -> 4900
...

Sheet НьюБио
A1: дата поставки | B1: крахмал ГОСТ | H1: цена | I1: на сумму | K1: дата выдачи на пр-во | L1: в чей подотчет | M1: крахмал ГОСТ | S1: цена | T1: на сумму | V1: Ароматизатор барбекю | W1: Ароматизатор сыр с халапеньо | X1: Краситель желтый закат | Y1: Краситель тартразин | Z1: Краситель зеленое яблоко | AA1: Краситель белый титановый
V2: =0+B20-M20 -> 0 | W2: =0+C20-N20 -> 0 | X2: =0+D20-O20 -> 0 | Y2: =0+E20-P20 -> 0 | Z2: =0+F20-Q20 -> 0 | AA2: =0+G20-R20 -> 0
A3: 45714 | B3: 25 | H3: 165 | I3: =B3*H3+C3*H3+D3*H3+E3*H3+F3*H3+G3*H3 -> 4125 | K3: 45726 | L3: Захаров | M3: 25 | S3: 165 | T3: =M3*S3+N3*S3+O3*S3+P3*S3+Q3*S3+R3*S3 -> 4125 | V3: 165 | W3: 470.4 | X3: 1200 | Y3: 1200 | Z3: 1596 | AA3: 406
I4: =B4*H4+C4*H4+D4*H4+E4*H4+F4*H4+G4*H4 -> 0 | T4: =M4*S4+N4*S4+O4*S4+P4*S4+Q4*S4+R4*S4 -> 0 | V4: =V2*V3 -> 0 | W4: =W2*W3 -> 0 | X4: =X2*X3 -> 0 | Y4: =Y2*Y3 -> 0 | Z4: =Z2*Z3 -> 0 | AA4: =AA2*AA3 -> 0
I5: =B5*H5+C5*H5+D5*H5+E5*H5+F5*H5+G5*H5 -> 0 | T5: =M5*S5+N5*S5+O5*S5+P5*S5+Q5*S5+R5*S5 -> 0
I6: =B6*H6+C6*H6+D6*H6+E6*H6+F6*H6+G6*H6 -> 0 | T6: =M6*S6+N6*S6+O6*S6+P6*S6+Q6*S6+R6*S6 -> 0
I7: =B7*H7+C7*H7+D7*H7+E7*H7+F7*H7+G7*H7 -> 0 | T7: =M7*S7+N7*S7+O7*S7+P7*S7+Q7*S7+R7*S7 -> 0
I8: =B8*H8+C8*H8+D8*H8+E8*H8+F8*H8+G8*H8 -> 0 | T8: =M8*S8+N8*S8+O8*S8+P8*S8+Q8*S8+R8*S8 -> 0
I9: =B9*H9+C9*H9+D9*H9+E9*H9+F9*H9+G9*H9 -> 0 | T9: =M9*S9+N9*S9+O9*S9+P9*S9+Q9*S9+R9*S9 -> 0
I10: =B10*H10+C10*H10+D10*H10+E10*H10+F10*H10+G10*H10 -> 0 | T10: =M10*S10+N10*S10+O10*S10+P10*S10+Q10*S10+R10*S10 -> 0
I11: =B11*H11+C11*H11+D11*H11+E11*H11+F11*H11+G11*H11 -> 0 | T11: =M11*S11+N11*S11+O11*S11+P11*S11+Q11*S11+R11*S11 -> 0
I12: =B12*H12+C12*H12+D12*H12+E12*H12+F12*H12+G12*H12 -> 0 | T12: =M12*S12+N12*S12+O12*S12+P12*S12+Q12*S12+R12*S12 -> 0
I13: =B13*H13+C13*H13+D13*H13+E13*H13+F13*H13+G13*H13 -> 0 | T13: =M13*S13+N13*S13+O13*S13+P13*S13+Q13*S13+R13*S13 -> 0
I14: =B14*H14+C14*H14+D14*H14+E14*H14+F14*H14+G14*H14 -> 0 | T14: =M14*S14+N14*S14+O14*S14+P14*S14+Q14*S14+R14*S14 -> 0
I15: =B15*H15+C15*H15+D15*H15+E15*H15+F15*H15+G15*H15 -> 0 | T15: =M15*S15+N15*S15+O15*S15+P15*S15+Q15*S15+R15*S15 -> 0
I16: =B16*H16+C16*H16+D16*H16+E16*H16+F16*H16+G16*H16 -> 0 | T16: =M16*S16+N16*S16+O16*S16+P16*S16+Q16*S16+R16*S16 -> 0
... I19: =B19*H19+C19*H19+D19*H19+E19*H19+F19*H19+G19*H19 -> 0 | T19: =M19*S19+N19*S19+O19*S19+P19*S19+Q19*S19+R19*S19 -> 0
B20: =SUM(B3:B19) -> 25 | C20: =SUM(C3:C19) -> 0 | D20: =SUM(D3:D19) -> 0 | E20: =SUM(E3:E19) -> 0 | F20: =SUM(F3:F19) -> 0 | G20: =SUM(G3:G19) -> 0 | H20: =SUM(H3:H19) -> 165 | I20: =SUM(I3:I19) -> 4125 | M20: =SUM(M3:M19) -> 25 | N20: =SUM(N3:N19) -> 0 | O20: =SUM(O3:O19) -> 0 | P20: =SUM(P3:P19) -> 0 | Q20: =SUM(Q3:Q19) -> 0 | R20: =SUM(R3:R19) -> 0

Sheet Омега Фуд Техн
A1: дата поставки | B1: Пд сметана-зелень | C1: Пд васаби особая | D1: Пд сметана-зелень/3 | E1: Сметана-лук 117403 | G1: Пд сметана-зелень 403 | H1: цена | I1: на сумму | K1: дата выдачи на пр-во | L1: Пд сметана-зелень 446 | M1: Пд васаби особая | N1: Пд сметана-зелень/3 | O1: Сметана-лук 117403 | Q1: Пд сметана-зелень 403 | R1: цена | S1: на сумму | U1: Пд сметана-зелень | V1: Пд васаби особая | W1: Пд сметана-зелень/3 | X1: Сметана-лук 117403 | Z1: Пд сметана-зелень 403
A2: 2024 год | K2: 2024 год | U2: =0+B68-L68 -> 93 | V2: =0+C68-M68 -> 0 | W2: =0+D68-N68 -> 0 | X2: =0+E68-O68 -> 310 | Y2: =0+F68-P68 -> -25 | Z2: =0+G68-Q68 -> 0
A3: 45519 | B3: 120 | H3: 743.2872 | I3: =B3*H3+C3*H3+D3*H3+E3*H3+F3*H3+G3*H3 -> 89194.464 | S3: =L3*R3+M3*R3+N3*R3+O3*R3+P3*R3+Q3*R3 -> 0 | U3: 743.2872 | V3: 832.48158 | W3: 676.42 | X3: 559.19762 | Z3: 642.097
A4: 45520 | C4: 120 | H4: =I4/C4 -> 832.48158 | I4: 99897.79 | K4: 45535 | L4: 0 | R4: 743.2872 | S4: =L4*R4+M4*R4+N4*R4+O4*R4+P4*R4+Q4*R4 -> 0 | U4: =U2*U3 -> 69125.71 | V4: =V2*V3 -> 0 | W4: =W2*W3 -> 0 | X4: =X2*X3 -> 173351.26 | Y4: =Y2*Y3 -> 0 | Z4: =Z2*Z3 -> 0
I5: =B5*H5+C5*H5+D5*H5+E5*H5+F5*H5+G5*H5 -> 0 | M5: 0.06 | R5: 832.48158 | S5: =L5*R5+M5*R5+N5*R5+O5*R5+P5*R5+Q5*R5 -> 49.948895
I6: =B6*H6+C6*H6+D6*H6+E6*H6+F6*H6+G6*H6 -> 0 | K6: 45545 | L6: 0 | R6: 743.2872 | S6: =L6*R6+M6*R6+N6*R6+O6*R6+P6*R6+Q6*R6 -> 0
I7: =B7*H7+C7*H7+D7*H7+E7*H7+F7*H7+G7*H7 -> 0 | M7: 0.6 | R7: 832.48158 | S7: =L7*R7+M7*R7+N7*R7+O7*R7+P7*R7+Q7*R7 -> 499.48895
I8: =B8*H8+C8*H8+D8*H8+E8*H8+F8*H8+G8*H8 -> 0 | K8: 45551 | L8: -3 | R8: 743.2872 | S8: =L8*R8+M8*R8+N8*R8+O8*R8+P8*R8+Q8*R8 -> -2229.8616
I9: =B9*H9+C9*H9+D9*H9+E9*H9+F9*H9+G9*H9 -> 0 | M9: 0.5 | R9: 832.48158 | S9: =L9*R9+M9*R9+N9*R9+O9*R9+P9*R9+Q9*R9 -> 416.24079
I10: =B10*H10+C10*H10+D10*H10+E10*H10+F10*H10+G10*H10 -> 0 | K10: 45561 | M10: 1 | R10: 832.48158 | S10: =L10*R10+M10*R10+N10*R10+O10*R10+P10*R10+Q10*R10 -> 832.48158
A11: 45565 | G11: 12 | H11: 642.097 | I11: =B11*H11+C11*H11+D11*H11+E11*H11+F11*H11+G11*H11 -> 7705.164 | S11: =L11*R11+M11*R11+N11*R11+O11*R11+P11*R11+Q11*R11 -> 0
I12: =B12*H12+C12*H12+D12*H12+E12*H12+F12*H12+G12*H12 -> 0 | K12: 45572 | M12: 22.84 | R12: 832.48158 | S12: =L12*R12+M12*R12+N12*R12+O12*R12+P12*R12+Q12*R12 -> 19013.879
I13: =B13*H13+C13*H13+D13*H13+E13*H13+F13*H13+G13*H13 -> 0 | K13: 45589 | Q13: 1 | R13: 642.1 | S13: =L13*R13+M13*R13+N13*R13+O13*R13+P13*R13+Q13*R13 -> 642.1
I14: =B14*H14+C14*H14+D14*H14+E14*H14+F14*H14+G14*H14 -> 0 | K14: 45594 | M14: 20 | R14: 832.48158 | S14: =L14*R14+M14*R14+N14*R14+O14*R14+P14*R14+Q14*R14 -> 16649.632
A15: 45597 | D15: 97 | H15: 676.42 | I15: =B15*H15+C15*H15+D15*H15+E15*H15+F15*H15+G15*H15 -> 65612.74 | S15: =L15*R15+M15*R15+N15*R15+O15*R15+P15*R15+Q15*R15 -> 0
A16: пересорт | C16: 51 | H16: 832.48158 | I16: =B16*H16+C16*H16+D16*H16+E16*H16+F16*H16+G16*H16 -> 42456.561 | K16: 45601 | M16: 26 | R16: 832.48 | S16: =L16*R16+M16*R16+N16*R16+O16*R16+P16*R16+Q16*R16 -> 21644.48
I17: =B17*H17+C17*H17+D17*H17+E17*H17+F17*H17+G17*H17 -> 0 | N17: 2 | R17: 672.46 | S17: =L17*R17+M17*R17+N17*R17+O17*R17+P17*R17+Q17*R17 -> 1344.92
I18: =B18*H18+C18*H18+D18*H18+E18*H18+F18*H18+G18*H18 -> 0 | K18: 45618 | L18: 6 | R18: 743.29 | S18: =L18*R18+M18*R18+N18*R18+O18*R18+P18*R18+Q18*R18 -> 4459.74
I19: =B19*H19+C19*H19+D19*H19+E19*H19+F19*H19+G19*H19 -> 0 | N19: 25 | R19: 676.42 | S19: =L19*R19+M19*R19+N19*R19+O19*R19+P19*R19+Q19*R19 -> 16910.5
I20: =B20*H20+C20*H20+D20*H20+E20*H20+F20*H20+G20*H20 -> 0 | K20: 45631 | Q20: 1 | R20: 642.1 | S20: =L20*R20+M20*R20+N20*R20+O20*R20+P20*R20+Q20*R20 -> 642.1
I21: =B21*H21+C21*H21+D21*H21+E21*H21+F21*H21+G21*H21 -> 0 | K21: 45632 | Q21: 1 | R21: 642.1 | S21: =L21*R21+M21*R21+N21*R21+O21*R21+P21*R21+Q21*R21 -> 642.1
I22: =B22*H22+C22*H22+D22*H22+E22*H22+F22*H22+G22*H22 -> 0 | K22: 45637 | Q22: 4 | R22: 642.1 | S22: =L22*R22+M22*R22+N22*R22+O22*R22+P22*R22+Q22*R22 -> 2568.4
I23: =B23*H23+C23*H23+D23*H23+E23*H23+F23*H23+G23*H23 -> 0 | K23: 2025 год | S23: =L23*R23+M23*R23+N23*R23+O23*R23+P23*R23+Q23*R23 -> 0
I24: =B24*H24+C24*H24+D24*H24+E24*H24+F24*H24+G24*H24 -> 0 | K24: 45670 | M24: 6 | R24: 832.48 | S24: =L24*R24+M24*R24+N24*R24+O24*R24+P24*R24+Q24*R24 -> 4994.88
I25: =B25*H25+C25*H25+D25*H25+E25*H25+F25*H25+G25*H25 -> 0 | K25: 45671 | M25: 6 | R25: 832.48 | S25: =L25*R25+M25*R25+N25*R25+O25*R25+P25*R25+Q25*R25 -> 4994.88
I26: =B26*H26+C26*H26+D26*H26+E26*H26+F26*H26+G26*H26 -> 0 | K26: 45677 | M26: 6 | R26: 832.48 | S26: =L26*R26+M26*R26+N26*R26+O26*R26+P26*R26+Q26*R26 -> 4994.88
I27: =B27*H27+C27*H27+D27*H27+E27*H27+F27*H27+G27*H27 -> 0 | K27: 45679 | Q27: 1 | R27: 642.1 | S27: =L27*R27+M27*R27+N27*R27+O27*R27+P27*R27+Q27*R27 -> 642.1
I28: =B28*H28+C28*H28+D28*H28+E28*H28+F28*H28+G28*H28 -> 0 | K28: 45685 | Q28: 4 | R28: 642.1 | S28: =L28*R28+M28*R28+N28*R28+O28*R28+P28*R28+Q28*R28 -> 2568.4
I29: =B29*H29+C29*H29+D29*H29+E29*H29+F29*H29+G29*H29 -> 0 | K29: 45687 | N29: 3 | R29: 676.42 | S29: =L29*R29+M29*R29+N29*R29+O29*R29+P29*R29+Q29*R29 -> 2029.26
I30: =B30*H30+C30*H30+D30*H30+E30*H30+F30*H30+G30*H30 -> 0 | K30: 45691 | N30: 7 | R30: 676.42 | S30: =L30*R30+M30*R30+N30*R30+O30*R30+P30*R30+Q30*R30 -> 4734.94
I31: =B31*H31+C31*H31+D31*H31+E31*H31+F31*H31+G31*H31 -> 0 | K31: 45714 | N31: 12 | R31: 676.42 | S31: =L31*R31+M31*R31+N31*R31+O31*R31+P31*R31+Q31*R31 -> 8117.04
I32: =B32*H32+C32*H32+D32*H32+E32*H32+F32*H32+G32*H32 -> 0 | K32: 45716 | M32: 2 | R32: 832.48 | S32: =L32*R32+M32*R32+N32*R32+O32*R32+P32*R32+Q32*R32 -> 1664.96
I33: =B33*H33+C33*H33+D33*H33+E33*H33+F33*H33+G33*H33 -> 0 | K33: март | S33: =L33*R33+M33*R33+N33*R33+O33*R33+P33*R33+Q33*R33 -> 0
I34: =B34*H34+C34*H34+D34*H34+E34*H34+F34*H34+G34*H34 -> 0 | K34: 45719 | N34: 3 | R34: 676.42 | S34: =L34*R34+M34*R34+N34*R34+O34*R34+P34*R34+Q34*R34 -> 2029.26
I35: =B35*H35+C35*H35+D35*H35+E35*H35+F35*H35+G35*H35 -> 0 | K35: 45720 | M35: 15 | R35: 832.48 | S35: =L35*R35+M35*R35+N35*R35+O35*R35+P35*R35+Q35*R35 -> 12487.2
I36: =B36*H36+C36*H36+D36*H36+E36*H36+F36*H36+G36*H36 -> 0 | K36: 45721 | M36: 6 | R36: 832.48 | S36: =L36*R36+M36*R36+N36*R36+O36*R36+P36*R36+Q36*R36 -> 4994.88
I37: =B37*H37+C37*H37+D37*H37+E37*H37+F37*H37+G37*H37 -> 0 | K37: 45722 | M37: 7 | R37: 832.48 | S37: =L37*R37+M37*R37+N37*R37+O37*R37+P37*R37+Q37*R37 -> 5827.36
I38: =B38*H38+C38*H38+D38*H38+E38*H38+F38*H38+G38*H38 -> 0 | K38: 45723 | M38: 7 | R38: 832.48 | S38: =L38*R38+M38*R38+N38*R38+O38*R38+P38*R38+Q38*R38 -> 5827.36
I39: =B39*H39+C39*H39+D39*H39+E39*H39+F39*H39+G39*H39 -> 0 | K39: 45726 | N39: 25 | R39: 676.42 | S39: =L39*R39+M39*R39+N39*R39+O39*R39+P39*R39+Q39*R39 -> 16910.5
I40: =B40*H40+C40*H40+D40*H40+E40*H40+F40*H40+G40*H40 -> 0 | K40: 45729 | M40: 45 | R40: 832.48 | S40: =L40*R40+M40*R40+N40*R40+O40*R40+P40*R40+Q40*R40 -> 37461.6
A41: 45730 | E41: 450 | H41: 559.19762 | I41: =B41*H41+C41*H41+D41*H41+E41*H41+F41*H41+G41*H41 -> 251638.93 | S41: =L41*R41+M41*R41+N41*R41+O41*R41+P41*R41+Q41*R41 -> 0
I42: =B42*H42+C42*H42+D42*H42+E42*H42+F42*H42+G42*H42 -> 0 | K42: 45733 | N42: 8 | R42: 676.42 | S42: =L42*R42+M42*R42+N42*R42+O42*R42+P42*R42+Q42*R42 -> 5411.36
I43: =B43*H43+C43*H43+D43*H43+E43*H43+F43*H43+G43*H43 -> 0 | K43: 45747 | O43: 25 | R43: 559.2 | S43: =L43*R43+M43*R43+N43*R43+O43*R43+P43*R43+Q43*R43 -> 13980
I44: =B44*H44+C44*H44+D44*H44+E44*H44+F44*H44+G44*H44 -> 0 | K44: 45749 | L44: 5 | R44: 743.2872 | S44: =L44*R44+M44*R44+N44*R44+O44*R44+P44*R44+Q44*R44 -> 3716.436
I45: =B45*H45+C45*H45+D45*H45+E45*H45+F45*H45+G45*H45 -> 0 | N45: 12 | R45: 676.42 | S45: =L45*R45+M45*R45+N45*R45+O45*R45+P45*R45+Q45*R45 -> 8117.04
I46: =B46*H46+C46*H46+D46*H46+E46*H46+F46*H46+G46*H46 -> 0 | K46: 45750 | L46: 1 | R46: 743.2872 | S46: =L46*R46+M46*R46+N46*R46+O46*R46+P46*R46+Q46*R46 -> 743.2872
I47: =B47*H47+C47*H47+D47*H47+E47*H47+F47*H47+G47*H47 -> 0 | O47: 25 | R47: 559.2 | S47: =L47*R47+M47*R47+N47*R47+O47*R47+P47*R47+Q47*R47 -> 13980
I48: =B48*H48+C48*H48+D48*H48+E48*H48+F48*H48+G48*H48 -> 0 | K48: 11-14.04 | L48: 11 | R48: 743.2872 | S48: =L48*R48+M48*R48+N48*R48+O48*R48+P48*R48+Q48*R48 -> 8176.1592
I49: =B49*H49+C49*H49+D49*H49+E49*H49+F49*H49+G49*H49 -> 0 | O49: 65 | R49: 559.2 | S49: =L49*R49+M49*R49+N49*R49+O49*R49+P49*R49+Q49*R49 -> 36348
I50: =B50*H50+C50*H50+D50*H50+E50*H50+F50*H50+G50*H50 -> 0 | K50: 45768 | O50: 25 | R50: 559.2 | S50: =L50*R50+M50*R50+N50*R50+O50*R50+P50*R50+Q50*R50 -> 13980
I51: =B51*H51+C51*H51+D51*H51+E51*H51+F51*H51+G51*H51 -> 0 | K51: 12 мая | L51: 7 | R51: 743.29 | S51: =L51*R51+M51*R51+N51*R51+O51*R51+P51*R51+Q51*R51 -> 5203.03
I52: =B52*H52+C52*H52+D52*H52+E52*H52+F52*H52+G52*H52 -> 0 | K52: 14 мая | P52: 25 | R52: 559.19762 | S52: =L52*R52+M52*R52+N52*R52+O52*R52+P52*R52+Q52*R52 -> 13979.941
I53: =B53*H53+C53*H53+D53*H53+E53*H53+F53*H53+G53*H53 -> 0 | S53: =L53*R53+M53*R53+N53*R53+O53*R53+P53*R53+Q53*R53 -> 0
I54: =B54*H54+C54*H54+D54*H54+E54*H54+F54*H54+G54*H54 -> 0 | S54: =L54*R54+M54*R54+N54*R54+O54*R54+P54*R54+Q54*R54 -> 0
I55: =B55*H55+C55*H55+D55*H55+E55*H55+F55*H55+G55*H55 -> 0 | S55: =L55*R55+M55*R55+N55*R55+O55*R55+P55*R55+Q55*R55 -> 0
I56: =B56*H56+C56*H56+D56*H56+E56*H56+F56*H56+G56*H56 -> 0 | S56: =L56*R56+M56*R56+N56*R56+O56*R56+P56*R56+Q56*R56 -> 0
I57: =B57*H57+C57*H57+D57*H57+E57*H57+F57*H57+G57*H57 -> 0 | S57: =L57*R57+M57*R57+N57*R57+O57*R57+P57*R57+Q57*R57 -> 0
I58: =B58*H58+C58*H58+D58*H58+E58*H58+F58*H58+G58*H58 -> 0 | S58: =L58*R58+M58*R58+N58*R58+O58*R58+P58*R58+Q58*R58 -> 0
I59: =B59*H59+C59*H59+D59*H59+E59*H59+F59*H59+G59*H59 -> 0 | S59: =L59*R59+M59*R59+N59*R59+O59*R59+P59*R59+Q59*R59 -> 0
I60: =B60*H60+C60*H60+D60*H60+E60*H60+F60*H60+G60*H60 -> 0 | S60: =L60*R60+M60*R60+N60*R60+O60*R60+P60*R60+Q60*R60 -> 0
I61: =B61*H61+C61*H61+D61*H61+E61*H61+F61*H61+G61*H61 -> 0 | S61: =L61*R61+M61*R61+N61*R61+O61*R61+P61*R61+Q61*R61 -> 0
I62: =B62*H62+C62*H62+D62*H62+E62*H62+F62*H62+G62*H62 -> 0 | S62: =L62*R62+M62*R62+N62*R62+O62*R62+P62*R62+Q62*R62 -> 0
I63: =B63*H63+C63*H63+D63*H63+E63*H63+F63*H63+G63*H63 -> 0 | S63: =L63*R63+M63*R63+N63*R63+O63*R63+P63*R63+Q63*R63 -> 0
I64: =B64*H64+C64*H64+D64*H64+E64*H64+F64*H64+G64*H64 -> 0 | S64: =L64*R64+M64*R64+N64*R64+O64*R64+P64*R64+Q64*R64 -> 0
... I66: =B66*H66+C66*H66+D66*H66+E66*H66+F66*H66+G66*H66 -> 0 | S66: =L66*R66+M66*R66+N66*R66+O66*R66+P66*R66+Q66*R66 -> 0
I67: =B67*H67+C67*H67+D67*H67+E67*H67+F67*H67+G67*H67 -> 0
B68: =SUM(B3:B67) -> 120 | C68: =SUM(C3:C67) -> 171 | D68: =SUM(D3:D67) -> 97 | E68: =SUM(E3:E67) -> 450 | F68: =SUM(F3:F67) -> 0 | G68: =SUM(G3:G67) -> 12 | H68: =SUM(H3:H67) -> 4285.965 | I68: =SUM(I3:I67) -> 556505.65 | L68: =SUM(L3:L67) -> 27 | M68: =SUM(M3:M67) -> 171 | N68: =SUM(N3:N67) -> 97 | O68: =SUM(O3:O67) -> 140 | P68: =SUM(P3:P67) -> 25 | Q68: =SUM(Q3:Q67) -> 12

Sheet Русские мельницы
A1: дата поставки | B1: мука, кг | C1: мука, кг | D1: цена | E1: на сумму | G1: дата выдачи на пр-во | H1: мука, кг | I1: мука, кг | J1: цена | K1: на сумму | N1: мука, кг | O1: мука, кг
A2: 2024 год | G2: 2024 год | N2: =0+B117-H117 -> 0 | O2: =0+C117-I117 -> 2650
A3: 45513 | B3: 5250 | D3: 26 | E3: =B3*D3+C3*D3 -> 136500 | N3: 26 | O3: 27
E4: =B4*D4+C4*D4 -> 0 | G4: до 31.08 | H4: 14 | J4: 26 | K4: =H4*J4+I4*J4 -> 364 | N4: =N2*N3 -> 0 | O4: =O2*O3 -> 71550
E5: =B5*D5+C5*D5 -> 0 | G5: 45535 | H5: 29 | J5: 26 | K5: =H5*J5+I5*J5 -> 754
E6: =B6*D6+C6*D6 -> 0 | G6: 45545 | H6: 4 | J6: 26 | K6: =H6*J6+I6*J6 -> 104
E7: =B7*D7+C7*D7 -> 0 | G7: 45551 | H7: 3 | J7: 26 | K7: =H7*J7+I7*J7 -> 78
E8: =B8*D8+C8*D8 -> 0 | G8: 45558 | H8: 28 | J8: 26 | K8: =H8*J8+I8*J8 -> 728
E9: =B9*D9+C9*D9 -> 0 | G9: 45561 | H9: 28 | J9: 26 | K9: =H9*J9+I9*J9 -> 728
E10: =B10*D10+C10*D10 -> 0 | G10: 45567 | H10: 28 | J10: 26 | K10: =H10*J10+I10*J10 -> 728
E11: =B11*D11+C11*D11 -> 0 | G11: 45568 | H11: 84 | J11: 26 | K11: =H11*J11+I11*J11 -> 2184
E12: =B12*D12+C12*D12 -> 0 | G12: 45569 | H12: 132 | J12: 26 | K12: =H12*J12+I12*J12 -> 3432
E13: =B13*D13+C13*D13 -> 0 | G13: 45572 | H13: 112.7 | J13: 26 | K13: =H13*J13+I13*J13 -> 2930.2
E14: =B14*D14+C14*D14 -> 0 | G14: 45576 | H14: 37.3 | J14: 26 | K14: =H14*J14+I14*J14 -> 969.8
E15: =B15*D15+C15*D15 -> 0 | G15: 45580 | H15: 86.8 | J15: 26 | K15: =H15*J15+I15*J15 -> 2256.8
E16: =B16*D16+C16*D16 -> 0 | G16: 45581 | H16: 173.6 | J16: 26 | K16: =H16*J16+I16*J16 -> 4513.6
... E30: =B30*D30+C30*D30 -> 0 | G30: 45636 | H30: 150 | J30: 26 | K30: =H30*J30+I30*J30 -> 3900
A31: 45637 | C31: 1000 | D31: 27 | E31: =B31*D31+C31*D31 -> 27000 | G31: 45637 | H31: 150 | J31: 26 | K31: =H31*J31+I31*J31 -> 3900
E32: =B32*D32+C32*D32 -> 0 | G32: 45638 | H32: 100 | J32: 26 | K32: =H32*J32+I32*J32 -> 2600
E33: =B33*D33+C33*D33 -> 0 | G33: 45639 | H33: 50 | J33: 26 | K33: =H33*J33+I33*J33 -> 1300
E34: =B34*D34+C34*D34 -> 0 | I34: 100 | J34: 27 | K34: =H34*J34+I34*J34 -> 2700
E35: =B35*D35+C35*D35 -> 0 | G35: 45642 | H35: 50 | J35: 26 | K35: =H35*J35+I35*J35 -> 1300
E36: =B36*D36+C36*D36 -> 0 | G36: 45643 | H36: 100 | J36: 26 | K36: =H36*J36+I36*J36 -> 2600
E37: =B37*D37+C37*D37 -> 0 | I37: 50 | J37: 27 | K37: =H37*J37+I37*J37 -> 1350
E38: =B38*D38+C38*D38 -> 0 | G38: 45644 | H38: 100 | J38: 26 | K38: =H38*J38+I38*J38 -> 2600
E39: =B39*D39+C39*D39 -> 0 | I39: 50 | J39: 27 | K39: =H39*J39+I39*J39 -> 1350
E40: =B40*D40+C40*D40 -> 0 | G40: 45649 | I40: 450 | J40: 27 | K40: =H40*J40+I40*J40 -> 12150
E41: =B41*D41+C41*D41 -> 0 | G41: 45650 | I41: 200 | J41: 27 | K41: =H41*J41+I41*J41 -> 5400
A42: 2025 год | E42: =B42*D42+C42*D42 -> 0 | G42: 2025 год | K42: =H42*J42+I42*J42 -> 0
E43: =B43*D43+C43*D43 -> 0 | G43: 45666 | H43: 100 | J43: 26 | K43: =H43*J43+I43*J43 -> 2600
E44: =B44*D44+C44*D44 -> 0 | I44: 150 | J44: 27 | K44: =H44*J44+I44*J44 -> 4050
E45: =B45*D45+C45*D45 -> 0 | G45: 45667 | H45: 150 | J45: 26 | K45: =H45*J45+I45*J45 -> 3900
E46: =B46*D46+C46*D46 -> 0 | G46: 45671 | H46: 150 | J46: 26 | K46: =H46*J46+I46*J46 -> 3900
E47: =B47*D47+C47*D47 -> 0 | G47: 45672 | H47: 200 | J47: 26 | K47: =H47*J47+I47*J47 -> 5200
E48: =B48*D48+C48*D48 -> 0 | G48: 45673 | H48: 150 | J48: 26 | K48: =H48*J48+I48*J48 -> 3900
E49: =B49*D49+C49*D49 -> 0 | G49: 45680 | H49: 100 | J49: 26 | K49: =H49*J49+I49*J49 -> 2600
E50: =B50*D50+C50*D50 -> 0 | G50: 45681 | H50: 50 | J50: 26 | K50: =H50*J50+I50*J50 -> 1300
A51: 45684 | C51: 2000 | D51: 27 | E51: =B51*D51+C51*D51 -> 54000 | G51: 45684 | H51: 100 | J51: 26 | K51: =H51*J51+I51*J51 -> 2600
E52: =B52*D52+C52*D52 -> 0 | I52: 250 | J52: 27 | K52: =H52*J52+I52*J52 -> 6750
E53: =B53*D53+C53*D53 -> 0 | G53: 45685 | I53: 150 | J53: 27 | K53: =H53*J53+I53*J53 -> 4050
E54: =B54*D54+C54*D54 -> 0 | G54: 45686 | I54: 225 | J54: 27 | K54: =H54*J54+I54*J54 -> 6075
E55: =B55*D55+C55*D55 -> 0 | G55: 45687 | I55: 175 | J55: 27 | K55: =H55*J55+I55*J55 -> 4725
E56: =B56*D56+C56*D56 -> 0 | G56: 45688 | H56: 50 | J56: 26 | K56: =H56*J56+I56*J56 -> 1300
E57: =B57*D57+C57*D57 -> 0 | I57: 25 | J57: 27 | K57: =H57*J57+I57*J57 -> 675
E58: =B58*D58+C58*D58 -> 0 | G58: 45691 | I58: 225 | J58: 27 | K58: =H58*J58+I58*J58 -> 6075
E59: =B59*D59+C59*D59 -> 0 | G59: 45692 | H59: 100 | J59: 26 | K59: =H59*J59+I59*J59 -> 2600
E60: =B60*D60+C60*D60 -> 0 | I60: 300 | J60: 27 | K60: =H60*J60+I60*J60 -> 8100
E61: =B61*D61+C61*D61 -> 0 | G61: 45693 | H61: 50 | J61: 26 | K61: =H61*J61+I61*J61 -> 1300
E62: =B62*D62+C62*D62 -> 0 | G62: 45694 | H62: 50 | J62: 26 | K62: =H62*J62+I62*J62 -> 1300
E63: =B63*D63+C63*D63 -> 0 | I63: 225 | J63: 27 | K63: =H63*J63+I63*J63 -> 6075
A64: 45698 | C64: 3000 | D64: 27 | E64: =B64*D64+C64*D64 -> 81000 | G64: 45698 | I64: 225 | J64: 27 | K64: =H64*J64+I64*J64 -> 6075
E65: =B65*D65+C65*D65 -> 0 | H65: 50 | J65: 26 | K65: =H65*J65+I65*J65 -> 1300
E66: =B66*D66+C66*D66 -> 0 | G66: 45699 | H66: 50 | J66: 26 | K66: =H66*J66+I66*J66 -> 1300
E67: =B67*D67+C67*D67 -> 0 | I67: 350 | J67: 27 | K67: =H67*J67+I67*J67 -> 9450
E68: =B68*D68+C68*D68 -> 0 | G68: 45700 | H68: 50 | J68: 26 | K68: =H68*J68+I68*J68 -> 1300
E69: =B69*D69+C69*D69 -> 0 | I69: 250 | J69: 27 | K69: =H69*J69+I69*J69 -> 6750
E70: =B70*D70+C70*D70 -> 0 | G70: 45701 | H70: 200 | J70: 26 | K70: =H70*J70+I70*J70 -> 5200
E71: =B71*D71+C71*D71 -> 0 | I71: 250 | J71: 27 | K71: =H71*J71+I71*J71 -> 6750
E72: =B72*D72+C72*D72 -> 0 | G72: 45705 | H72: 50 | J72: 26 | K72: =H72*J72+I72*J72 -> 1300
E73: =B73*D73+C73*D73 -> 0 | I73: 150 | J73: 27 | K73: =H73*J73+I73*J73 -> 4050
E74: =B74*D74+C74*D74 -> 0 | G74: 45706 | I74: 200 | J74: 27 | K74: =H74*J74+I74*J74 -> 5400
E75: =B75*D75+C75*D75 -> 0 | G75: 45707 | H75: 0 | I75: 200 | J75: 27 | K75: =H75*J75+I75*J75 -> 5400
E76: =B76*D76+C76*D76 -> 0 | G76: 45708 | I76: 175 | J76: 27 | K76: =H76*J76+I76*J76 -> 4725
E77: =B77*D77+C77*D77 -> 0 | G77: 45709 | I77: 225 | J77: 27 | K77: =H77*J77+I77*J77 -> 6075
E78: =B78*D78+C78*D78 -> 0 | G78: 45712 | I78: 325 | J78: 27 | K78: =H78*J78+I78*J78 -> 8775
E79: =B79*D79+C79*D79 -> 0 | G79: 45713 | I79: 425 | J79: 27 | K79: =H79*J79+I79*J79 -> 11475
E80: =B80*D80+C80*D80 -> 0 | G80: 45714 | I80: 425 | J80: 27 | K80: =H80*J80+I80*J80 -> 11475
A81: 45715 | C81: 3000 | D81: 27 | E81: =B81*D81+C81*D81 -> 81000 | G81: 45715 | I81: 375 | J81: 27 | K81: =H81*J81+I81*J81 -> 10125
E82: =B82*D82+C82*D82 -> 0 | G82: 45716 | I82: 750 | J82: 27 | K82: =H82*J82+I82*J82 -> 20250
E83: =B83*D83+C83*D83 -> 0 | G83: март | K83: =H83*J83+I83*J83 -> 0
E84: =B84*D84+C84*D84 -> 0 | G84: 45719 | I84: 275 | J84: 27 | K84: =H84*J84+I84*J84 -> 7425
E85: =B85*D85+C85*D85 -> 0 | G85: 45720 | I85: 100 | J85: 27 | K85: =H85*J85+I85*J85 -> 2700
E86: =B86*D86+C86*D86 -> 0 | G86: 45721 | I86: 225 | J86: 27 | K86: =H86*J86+I86*J86 -> 6075
A87: 45722 | C87: 3000 | D87: 27 | E87: =B87*D87+C87*D87 -> 81000 | G87: 45726 | I87: 750 | J87: 27 | K87: =H87*J87+I87*J87 -> 20250
E88: =B88*D88+C88*D88 -> 0 | G88: 45727 | I88: 750 | J88: 27 | K88: =H88*J88+I88*J88 -> 20250
E89: =B89*D89+C89*D89 -> 0 | G89: 45729 | I89: 750 | J89: 27 | K89: =H89*J89+I89*J89 -> 20250
E90: =B90*D90+C90*D90 -> 0 | G90: 45733 | I90: 750 | J90: 27 | K90: =H90*J90+I90*J90 -> 20250
E91: =B91*D91+C91*D91 -> 0 | G91: 45734 | I91: 250 | J91: 27 | K91: =H91*J91+I91*J91 -> 6750
E92: =B92*D92+C92*D92 -> 0 | G92: 45735 | I92: 500 | J92: 27 | K92: =H92*J92+I92*J92 -> 13500
E93: =B93*D93+C93*D93 -> 0 | G93: 45736 | I93: 750 | J93: 27 | K93: =H93*J93+I93*J93 -> 20250
A94: 45741 | C94: 3000 | D94: 27 | E94: =B94*D94+C94*D94 -> 81000 | G94: 45740 | I94: 750 | J94: 27 | K94: =H94*J94+I94*J94 -> 20250
E95: =B95*D95+C95*D95 -> 0 | G95: 45747 | I95: 1500 | J95: 27 | K95: =H95*J95+I95*J95 -> 40500
A96: апрель | E96: =B96*D96+C96*D96 -> 0 | K96: =H96*J96+I96*J96 -> 0
A97: 45749 | C97: 3000 | D97: 27 | E97: =B97*D97+C97*D97 -> 81000 | G97: 45750 | I97: 750 | J97: 27 | K97: =H97*J97+I97*J97 -> 20250
E98: =B98*D98+C98*D98 -> 0 | G98: 45751 | I98: 1050 | J98: 27 | K98: =H98*J98+I98*J98 -> 28350
A99: 11-14.04 | C99: 3000 | D99: 27 | E99: =B99*D99+C99*D99 -> 81000 | G99: 11-14.04 | I99: 1950 | J99: 27 | K99: =H99*J99+I99*J99 -> 52650
E100: =B100*D100+C100*D100 -> 0 | G100: 45762 | I100: 750 | J100: 27 | K100: =H100*J100+I100*J100 -> 20250
E101: =B101*D101+C101*D101 -> 0 | G101: 45763 | I101: 750 | J101: 27 | K101: =H101*J101+I101*J101 -> 20250
A102: 45768 | C102: 3000 | D102: 27 | E102: =B102*D102+C102*D102 -> 81000 | G102: 45768 | I102: 1500 | J102: 27 | K102: =H102*J102+I102*J102 -> 40500
E103: =B103*D103+C103*D103 -> 0 | G103: 45775 | I103: 1500 | J103: 27 | K103: =H103*J103+I103*J103 -> 40500
E104: =B104*D104+C104*D104 -> 0 | G104: 45776 | I104: 750 | J104: 27 | K104: =H104*J104+I104*J104 -> 20250
A105: 05 мая | C105: 5000 | D105: 27 | E105: =B105*D105+C105*D105 -> 135000 | G105: 06 мая | I105: 750 | J105: 27 | K105: =H105*J105+I105*J105 -> 20250
E106: =B106*D106+C106*D106 -> 0 | G106: 07 мая | I106: 750 | J106: 27 | K106: =H106*J106+I106*J106 -> 20250
E107: =B107*D107+C107*D107 -> 0 | G107: 14 мая | I107: 1250 | J107: 27 | K107: =H107*J107+I107*J107 -> 33750
E108: =B108*D108+C108*D108 -> 0 | G108: 22 мая | I108: 200 | J108: 27 | K108: =H108*J108+I108*J108 -> 5400
E109: =B109*D109+C109*D109 -> 0 | G109: 23 мая | I109: 150 | J109: 27 | K109: =H109*J109+I109*J109 -> 4050
E110: =B110*D110+C110*D110 -> 0 | K110: =H110*J110+I110*J110 -> 0
E111: =B111*D111+C111*D111 -> 0 | K111: =H111*J111+I111*J111 -> 0
E112: =B112*D112+C112*D112 -> 0 | K112: =H112*J112+I112*J112 -> 0
E113: =B113*D113+C113*D113 -> 0 | K113: =H113*J113+I113*J113 -> 0
...

Sheet Орион
A1: дата поставки | B1: глутамат, кг | C1: Мальтодекстрин Multydex | E1: цена | F1: на сумму | H1: дата выдачи на пр-во | I1: в чей подотчет | J1: глутамат, кг | K1: Мальтодекстрин Multydex | M1: цена | N1: на сумму | Q1: глутамат, кг | R1: Мальтодекстрин Multydex
A2: 2024 год | H2: 2024 год | N2: 0 | Q2: =0+B32-J32 -> 0 | R2: =0+C32-K32 -> 25
A3: 45517 | B3: 50 | E3: 172 | F3: =B3*E3+C3*E3+D3*E3 -> 8600 | Q3: 183 | R3: 84
F4: =B4*E4+C4*E4+D4*E4 -> 0 | H4: 45568 | I4: Захаров | J4: 0.7 | M4: 172 | N4: =J4*M4+K4*M4+L4*M4 -> 120.4 | Q4: =Q2*Q3 -> 0 | R4: =R2*R3 -> 2100
F5: =B5*E5+C5*E5+D5*E5 -> 0 | H5: 45576 | I5: Захаров | J5: 24.3 | M5: 172 | N5: =J5*M5+K5*M5+L5*M5 -> 4179.6
F6: =B6*E6+C6*E6+D6*E6 -> 0 | H6: 45583 | I6: Захаров | J6: 0 | M6: 172 | N6: =J6*M6+K6*M6+L6*M6 -> 0 | O6: было 5
F7: =B7*E7+C7*E7+D7*E7 -> 0 | H7: 45584 | I7: Захаров | J7: 0 | M7: 172 | N7: =J7*M7+K7*M7+L7*M7 -> 0 | O7: 0.1
F8: =B8*E8+C8*E8+D8*E8 -> 0 | H8: 45586 | I8: Захаров | J8: 0 | M8: 172 | N8: =J8*M8+K8*M8+L8*M8 -> 0 | O8: 0.1
F9: =B9*E9+C9*E9+D9*E9 -> 0 | H9: 45587 | I9: Захаров | J9: 0 | M9: 172 | N9: =J9*M9+K9*M9+L9*M9 -> 0 | O9: 0.1
F10: =B10*E10+C10*E10+D10*E10 -> 0 | H10: 45589 | I10: Захаров | J10: 0 | M10: 172 | N10: =J10*M10+K10*M10+L10*M10 -> 0 | O10: 1
F11: =B11*E11+C11*E11+D11*E11 -> 0 | H11: 45637 | I11: Захаров | J11: 25 | M11: 172 | N11: =J11*M11+K11*M11+L11*M11 -> 4300
A12: 45643 | C12: 25 | E12: 84 | F12: =B12*E12+C12*E12+D12*E12 -> 2100 | N12: =J12*M12+K12*M12+L12*M12 -> 0
F13: =B13*E13+C13*E13+D13*E13 -> 0 | H13: 45644 | I13: Захаров | K13: 25 | M13: 84 | N13: =J13*M13+K13*M13+L13*M13 -> 2100
A14: 2025 год | F14: =B14*E14+C14*E14+D14*E14 -> 0 | N14: =J14*M14+K14*M14+L14*M14 -> 0
A15: 45687 | B15: 75 | E15: 183 | F15: =B15*E15+C15*E15+D15*E15 -> 13725 | H15: 45687 | I15: Захаров | J15: 25 | M15: 183 | N15: =J15*M15+K15*M15+L15*M15 -> 4575
F16: =B16*E16+C16*E16+D16*E16 -> 0 | H16: март | N16: =J16*M16+K16*M16+L16*M16 -> 0
F17: =B17*E17+C17*E17+D17*E17 -> 0 | H17: 45719 | I17: Захаров | J17: 50 | M17: 183 | N17: =J17*M17+K17*M17+L17*M17 -> 9150
A18: 45730 | C18: 50 | E18: 84 | F18: =B18*E18+C18*E18+D18*E18 -> 4200 | H18: 45730 | I18: Захаров | K18: 25 | M18: 84 | N18: =J18*M18+K18*M18+L18*M18 -> 2100
F19: =B19*E19+C19*E19+D19*E19 -> 0 | N19: =J19*M19+K19*M19+L19*M19 -> 0
F20: =B20*E20+C20*E20+D20*E20 -> 0 | N20: =J20*M20+K20*M20+L20*M20 -> 0
F21: =B21*E21+C21*E21+D21*E21 -> 0 | N21: =J21*M21+K21*M21+L21*M21 -> 0
F22: =B22*E22+C22*E22+D22*E22 -> 0 | N22: =J22*M22+K22*M22+L22*M22 -> 0
F23: =B23*E23+C23*E23+D23*E23 -> 0 | N23: =J23*M23+K23*M23+L23*M23 -> 0
F24: =B24*E24+C24*E24+D24*E24 -> 0 | N24: =J24*M24+K24*M24+L24*M24 -> 0
F25: =B25*E25+C25*E25+D25*E25 -> 0 | N25: =J25*M25+K25*M25+L25*M25 -> 0
F26: =B26*E26+C26*E26+D26*E26 -> 0 | N26: =J26*M26+K26*M26+L26*M26 -> 0
F27: =B27*E27+C27*E27+D27*E27 -> 0 | N27: =J27*M27+K27*M27+L27*M27 -> 0
F28: =B28*E28+C28*E28+D28*E28 -> 0 | N28: =J28*M28+K28*M28+L28*M28 -> 0
F29: =B29*E29+C29*E29+D29*E29 -> 0 | N29: =J29*M29+K29*M29+L29*M29 -> 0
F30: =B30*E30+C30*E30+D30*E30 -> 0 | N30: =J30*M30+K30*M30+L30*M30 -> 0
F31: =B31*E31+C31*E31+D31*E31 -> 0 | N31: =J31*M31+K31*M31+L31*M31 -> 0
B32: =SUM(B3:B31) -> 125 | C32: =SUM(C3:C31) -> 75 | D32: =SUM(D3:D31) -> 0 | J32: =SUM(J3:J31) -> 125 | K32: =SUM(K3:K31) -> 50 | L32: =SUM(L3:L31) -> 0

Sheet ЛюксОйл
A1: дата поставки | B1: пальмовое масло | C1: масло пальмовое раф.дез. отб | E1: цена | F1: на сумму | H1: дата выдачи на пр-во | I1: пальмовое масло | J1: масло пальмовое раф.дез. отб | L1: цена | M1: на сумму | O1: пальмовое масло | P1: масло пальмовое раф.дез. отб
A2: 2025 год | H2: 2025 год | O2: =0+B70-I70 -> 720 | P2: =0+C70-J70 -> 0 | Q2: =0+D70-K70 -> 0
A3: 45699 | B3: 2000 | E3: 246.15241 | F3: =B3*E3+C3*E3+D3*E3 -> 492304.83 | H3: 45700 | I3: 160 | L3: 246.15241 | M3: =I3*L3+J3*L3+K3*L3 -> 39384.386 | O3: 234 | P3: 145
F4: =B4*E4+C4*E4+D4*E4 -> 0 | H4: 45701 | I4: 160 | L4: 246.15241 | M4: =I4*L4+J4*L4+K4*L4 -> 39384.386 | O4: =O2*O3 -> 168480 | P4: =P2*P3 -> 0 | Q4: =Q2*Q3 -> 0
F5: =B5*E5+C5*E5+D5*E5 -> 0 | H5: 45702 | I5: 160 | L5: 246.15241 | M5: =I5*L5+J5*L5+K5*L5 -> 39384.386
F6: =B6*E6+C6*E6+D6*E6 -> 0 | H6: 45705 | I6: 80 | L6: 246.15241 | M6: =I6*L6+J6*L6+K6*L6 -> 19692.193
F7: =B7*E7+C7*E7+D7*E7 -> 0 | H7: 45706 | I7: 120 | L7: 246.15241 | M7: =I7*L7+J7*L7+K7*L7 -> 29538.29
F8: =B8*E8+C8*E8+D8*E8 -> 0 | H8: 45707 | I8: 200 | L8: 246.15241 | M8: =I8*L8+J8*L8+K8*L8 -> 49230.483
F9: =B9*E9+C9*E9+D9*E9 -> 0 | H9: 45708 | I9: 200 | L9: 246.15241 | M9: =I9*L9+J9*L9+K9*L9 -> 49230.483
F10: =B10*E10+C10*E10+D10*E10 -> 0 | H10: 45709 | I10: 160 | L10: 246.15241 | M10: =I10*L10+J10*L10+K10*L10 -> 39384.386
F11: =B11*E11+C11*E11+D11*E11 -> 0 | H11: 45712 | I11: 200 | L11: 246.15241 | M11: =I11*L11+J11*L11+K11*L11 -> 49230.483
F12: =B12*E12+C12*E12+D12*E12 -> 0 | H12: 45713 | I12: 200 | L12: 246.15241 | M12: =I12*L12+J12*L12+K12*L12 -> 49230.483
F13: =B13*E13+C13*E13+D13*E13 -> 0 | H13: 45714 | I13: 120 | L13: 246.15241 | M13: =I13*L13+J13*L13+K13*L13 -> 29538.29
F14: =B14*E14+C14*E14+D14*E14 -> 0 | H14: 45715 | I14: 160 | L14: 246.15241 | M14: =I14*L14+J14*L14+K14*L14 -> 39384.386
A15: 45716 | B15: 2000 | E15: 234 | F15: =B15*E15+C15*E15+D15*E15 -> 468000 | H15: 45716 | I15: 80 | L15: 246.15241 | M15: =I15*L15+J15*L15+K15*L15 -> 19692.193
F16: =B16*E16+C16*E16+D16*E16 -> 0 | I16: 120 | L16: 234 | M16: =I16*L16+J16*L16+K16*L16 -> 28080
F17: =B17*E17+C17*E17+D17*E17 -> 0 | H17: март | M17: =I17*L17+J17*L17+K17*L17 -> 0
F18: =B18*E18+C18*E18+D18*E18 -> 0 | H18: 45719 | I18: 160 | L18: 234 | M18: =I18*L18+J18*L18+K18*L18 -> 37440
F19: =B19*E19+C19*E19+D19*E19 -> 0 | H19: 45720 | I19: 200 | L19: 234 | M19: =I19*L19+J19*L19+K19*L19 -> 46800
F20: =B20*E20+C20*E20+D20*E20 -> 0 | H20: 45721 | I20: 200 | L20: 234 | M20: =I20*L20+J20*L20+K20*L20 -> 46800
F21: =B21*E21+C21*E21+D21*E21 -> 0 | H21: 45722 | I21: 140 | L21: 234 | M21: =I21*L21+J21*L21+K21*L21 -> 32760
F22: =B22*E22+C22*E22+D22*E22 -> 0 | H22: 45723 | I22: 180 | L22: 234 | M22: =I22*L22+J22*L22+K22*L22 -> 42120
F23: =B23*E23+C23*E23+D23*E23 -> 0 | H23: 45726 | I23: 200 | L23: 234 | M23: =I23*L23+J23*L23+K23*L23 -> 46800
F24: =B24*E24+C24*E24+D24*E24 -> 0 | H24: 45728 | I24: 40 | L24: 234 | M24: =I24*L24+J24*L24+K24*L24 -> 9360
F25: =B25*E25+C25*E25+D25*E25 -> 0 | H25: 45730 | I25: 20 | L25: 234 | M25: =I25*L25+J25*L25+K25*L25 -> 4680
F26: =B26*E26+C26*E26+D26*E26 -> 0 | H26: 45733 | I26: 20 | L26: 234 | M26: =I26*L26+J26*L26+K26*L26 -> 4680
F27: =B27*E27+C27*E27+D27*E27 -> 0 | H27: 45734 | I27: 20 | L27: 234 | M27: =I27*L27+J27*L27+K27*L27 -> 4680
F28: =B28*E28+C28*E28+D28*E28 -> 0 | H28: 45735 | I28: 40 | L28: 234 | M28: =I28*L28+J28*L28+K28*L28 -> 9360
F29: =B29*E29+C29*E29+D29*E29 -> 0 | H29: 45736 | I29: 140 | L29: 234 | M29: =I29*L29+J29*L29+K29*L29 -> 32760
... F37: =B37*E37+C37*E37+D37*E37 -> 0 | H37: 45754 | I37: 40 | L37: 234 | M37: =I37*L37+J37*L37+K37*L37 -> 9360
A38: 45755 | B38: 800 | E38: 234 | F38: =B38*E38+C38*E38+D38*E38 -> 187200 | H38: 45755 | I38: 120 | L38: 234 | M38: =I38*L38+J38*L38+K38*L38 -> 28080
F39: =B39*E39+C39*E39+D39*E39 -> 0 | H39: 45757 | I39: 40 | L39: 234 | M39: =I39*L39+J39*L39+K39*L39 -> 9360
F40: =B40*E40+C40*E40+D40*E40 -> 0 | H40: 11-14.04 | I40: 140 | L40: 234 | M40: =I40*L40+J40*L40+K40*L40 -> 32760
F41: =B41*E41+C41*E41+D41*E41 -> 0 | H41: 45762 | I41: 20 | L41: 234 | M41: =I41*L41+J41*L41+K41*L41 -> 4680
F42: =B42*E42+C42*E42+D42*E42 -> 0 | H42: 45763 | I42: 20 | L42: 234 | M42: =I42*L42+J42*L42+K42*L42 -> 4680
F43: =B43*E43+C43*E43+D43*E43 -> 0 | H43: 45764 | I43: 40 | L43: 234 | M43: =I43*L43+J43*L43+K43*L43 -> 9360
F44: =B44*E44+C44*E44+D44*E44 -> 0 | H44: 45768 | I44: 140 | L44: 234 | M44: =I44*L44+J44*L44+K44*L44 -> 32760
F45: =B45*E45+C45*E45+D45*E45 -> 0 | H45: 45769 | I45: 60 | L45: 234 | M45: =I45*L45+J45*L45+K45*L45 -> 14040
F46: =B46*E46+C46*E46+D46*E46 -> 0 | H46: 45770 | I46: 180 | L46: 234 | M46: =I46*L46+J46*L46+K46*L46 -> 42120
F47: =B47*E47+C47*E47+D47*E47 -> 0 | H47: 45775 | I47: 60 | L47: 234 | M47: =I47*L47+J47*L47+K47*L47 -> 14040
F48: =B48*E48+C48*E48+D48*E48 -> 0 | H48: 45776 | I48: 20 | L48: 234 | M48: =I48*L48+J48*L48+K48*L48 -> 4680
F49: =B49*E49+C49*E49+D49*E49 -> 0 | H49: 45777 | I49: 20 | L49: 234 | M49: =I49*L49+J49*L49+K49*L49 -> 4680
F50: =B50*E50+C50*E50+D50*E50 -> 0 | H50: 01-04 мая | I50: 80 | L50: 234 | M50: =I50*L50+J50*L50+K50*L50 -> 18720
A51: 06 мая | B51: 1000 | E51: 232 | F51: =B51*E51+C51*E51+D51*E51 -> 232000 | H51: 06 мая | I51: 20 | L51: 232 | M51: =I51*L51+J51*L51+K51*L51 -> 4640
H52: 07 мая | I52: 20 | L52: 232 | M52: =I52*L52+J52*L52+K52*L52 -> 4640
F53: =B53*E53+C53*E53+D53*E53 -> 0 | H53: 08-09 мая | I53: 20 | L53: 232 | M53: =I53*L53+J53*L53+K53*L53 -> 4640
F54: =B54*E54+C54*E54+D54*E54 -> 0 | H54: 10-11 мая | I54: 20 | L54: 232 | M54: =I54*L54+J54*L54+K54*L54 -> 4640
F55: =B55*E55+C55*E55+D55*E55 -> 0 | H55: 12 мая | I55: 60 | L55: 232 | M55: =I55*L55+J55*L55+K55*L55 -> 13920
F56: =B56*E56+C56*E56+D56*E56 -> 0 | H56: 13 мая | I56: 40 | L56: 232 | M56: =I56*L56+J56*L56+K56*L56 -> 9280
F57: =B57*E57+C57*E57+D57*E57 -> 0 | H57: 14 мая | I57: 20 | L57: 232 | M57: =I57*L57+J57*L57+K57*L57 -> 4640
F58: =B58*E58+C58*E58+D58*E58 -> 0 | H58: 17 мая | I58: 40 | L58: 232 | M58: =I58*L58+J58*L58+K58*L58 -> 9280
F59: =B59*E59+C59*E59+D59*E59 -> 0 | H59: 22 мая | I59: 40 | L59: 232 | M59: =I59*L59+J59*L59+K59*L59 -> 9280
F60: =B60*E60+C60*E60+D60*E60 -> 0 | M60: =I60*L60+J60*L60+K60*L60 -> 0
F61: =B61*E61+C61*E61+D61*E61 -> 0 | M61: =I61*L61+J61*L61+K61*L61 -> 0
F62: =B62*E62+C62*E62+D62*E62 -> 0 | M62: =I62*L62+J62*L62+K62*L62 -> 0
F63: =B63*E63+C63*E63+D63*E63 -> 0 | M63: =I63*L63+J63*L63+K63*L63 -> 0
F64: =B64*E64+C64*E64+D64*E64 -> 0 | M64: =I64*L64+J64*L64+K64*L64 -> 0
F65: =B65*E65+C65*E65+D65*E65 -> 0 | M65: =I65*L65+J65*L65+K65*L65 -> 0
F66: =B66*E66+C66*E66+D66*E66 -> 0 | M66: =I66*L66+J66*L66+K66*L66 -> 0
F67: =B67*E67+C67*E67+D67*E67 -> 0 | M67: =I67*L67+J67*L67+K67*L67 -> 0
F68: =B68*E68+C68*E68+D68*E68 -> 0 | M68: =I68*L68+J68*L68+K68*L68 -> 0
F69: =B69*E69+C69*E69+D69*E69 -> 0 | M69: =I69*L69+J69*L69+K69*L69 -> 0
B70: =SUM(B3:B69) -> 5800 | C70: =SUM(C3:C69) -> 0 | D70: =SUM(D3:D69) -> 0 | I70: =SUM(I3:I69) -> 5080 | J70: =SUM(J3:J69) -> 0 | K70: =SUM(K3:K69) -> 0

Sheet ПродАльянс
A1: дата поставки | B1: пальмовое масло | C1: масло пальмовое раф.дез. отб | E1: цена | F1: на сумму | H1: дата выдачи на пр-во | I1: в чей подотчет | J1: пальмовое масло | K1: масло пальмовое раф.дез. отб | M1: цена | N1: на сумму | P1: пальмовое масло | Q1: масло пальмовое раф.дез. отб
A2: 2024 год | H2: 2024 год | P2: =0+B70-J70 -> 0 | Q2: =0+C70-K70 -> 0 | R2: =0+D70-L70 -> 0
A3: 45511 | B3: 4220 | E3: 145 | F3: =B3*E3+C3*E3+D3*E3 -> 611900 | I3: Захаров | J3: 6 | M3: 145 | N3: =J3*M3+K3*M3+L3*M3 -> 870 | P3: 145 | Q3: 145
C4: 780 | E4: 145 | F4: =B4*E4+C4*E4+D4*E4 -> 113100 | H4: 45535 | I4: Захаров | J4: 10 | M4: 145 | N4: =J4*M4+K4*M4+L4*M4 -> 1450 | P4: =P2*P3 -> 0 | Q4: =Q2*Q3 -> 0 | R4: =R2*R3 -> 0
F5: =B5*E5+C5*E5+D5*E5 -> 0 | H5: 45545 | I5: Захаров | J5: 5 | M5: 145 | N5: =J5*M5+K5*M5+L5*M5 -> 725
F6: =B6*E6+C6*E6+D6*E6 -> 0 | H6: 45551 | I6: Захаров | J6: 5 | M6: 145 | N6: =J6*M6+K6*M6+L6*M6 -> 725
F7: =B7*E7+C7*E7+D7*E7 -> 0 | H7: 45560 | I7: Захаров | J7: 20 | M7: 145 | N7: =J7*M7+K7*M7+L7*M7 -> 2900
F8: =B8*E8+C8*E8+D8*E8 -> 0 | H8: 45561 | I8: Захаров | J8: 20 | M8: 145 | N8: =J8*M8+K8*M8+L8*M8 -> 2900
F9: =B9*E9+C9*E9+D9*E9 -> 0 | H9: 45567 | I9: Захаров | J9: 114 | M9: 145 | N9: =J9*M9+K9*M9+L9*M9 -> 16530
F10: =B10*E10+C10*E10+D10*E10 -> 0 | H10: 45568 | I10: Захаров | J10: 55 | M10: 145 | N10: =J10*M10+K10*M10+L10*M10 -> 7975
F11: =B11*E11+C11*E11+D11*E11 -> 0 | H11: 45572 | I11: Захаров | J11: 60 | M11: 145 | N11: =J11*M11+K11*M11+L11*M11 -> 8700
F12: =B12*E12+C12*E12+D12*E12 -> 0 | H12: 45573 | I12: Захаров | J12: 10 | M12: 145 | N12: =J12*M12+K12*M12+L12*M12 -> 1450
F13: =B13*E13+C13*E13+D13*E13 -> 0 | H13: 45576 | I13: Захаров | J13: 35 | M13: 145 | N13: =J13*M13+K13*M13+L13*M13 -> 5075
F14: =B14*E14+C14*E14+D14*E14 -> 0 | H14: 45581 | I14: Захаров | J14: 100 | M14: 145 | N14: =J14*M14+K14*M14+L14*M14 -> 14500
F15: =B15*E15+C15*E15+D15*E15 -> 0 | H15: 45582 | I15: Захаров | J15: 40 | M15: 145 | N15: =J15*M15+K15*M15+L15*M15 -> 5800
F16: =B16*E16+C16*E16+D16*E16 -> 0 | H16: 45583 | I16: Захаров | J16: 160 | M16: 145 | N16: =J16*M16+K16*M16+L16*M16 -> 23200
... F38: =B38*E38+C38*E38+D38*E38 -> 0 | H38: 45651 | I38: Захаров | J38: 80 | M38: 145 | N38: =J38*M38+K38*M38+L38*M38 -> 11600
A39: 2025 год | F39: =B39*E39+C39*E39+D39*E39 -> 0 | N39: =J39*M39+K39*M39+L39*M39 -> 0
F40: =B40*E40+C40*E40+D40*E40 -> 0 | H40: 45666 | I40: Захаров | J40: 80 | M40: 145 | N40: =J40*M40+K40*M40+L40*M40 -> 11600
F41: =B41*E41+C41*E41+D41*E41 -> 0 | H41: 45667 | I41: Захаров | J41: 60 | M41: 145 | N41: =J41*M41+K41*M41+L41*M41 -> 8700
F42: =B42*E42+C42*E42+D42*E42 -> 0 | H42: 45670 | I42: Захаров | J42: 40 | M42: 145 | N42: =J42*M42+K42*M42+L42*M42 -> 5800
F43: =B43*E43+C43*E43+D43*E43 -> 0 | H43: 45671 | I43: Захаров | J43: 20 | M43: 145 | N43: =J43*M43+K43*M43+L43*M43 -> 2900
F44: =B44*E44+C44*E44+D44*E44 -> 0 | H44: 45672 | I44: Захаров | J44: 80 | M44: 145 | N44: =J44*M44+K44*M44+L44*M44 -> 11600
F45: =B45*E45+C45*E45+D45*E45 -> 0 | H45: 45673 | I45: Захаров | J45: 120 | M45: 145 | N45: =J45*M45+K45*M45+L45*M45 -> 17400
F46: =B46*E46+C46*E46+D46*E46 -> 0 | H46: 45674 | I46: Захаров | J46: 80 | M46: 145 | N46: =J46*M46+K46*M46+L46*M46 -> 11600
F47: =B47*E47+C47*E47+D47*E47 -> 0 | H47: 45677 | I47: Захаров | J47: 100 | M47: 145 | N47: =J47*M47+K47*M47+L47*M47 -> 14500
F48: =B48*E48+C48*E48+D48*E48 -> 0 | H48: 45678 | I48: Захаров | J48: 80 | M48: 145 | N48: =J48*M48+K48*M48+L48*M48 -> 11600
F49: =B49*E49+C49*E49+D49*E49 -> 0 | H49: 45679 | I49: Захаров | J49: 40 | M49: 145 | N49: =J49*M49+K49*M49+L49*M49 -> 5800
F50: =B50*E50+C50*E50+D50*E50 -> 0 | H50: 45680 | I50: Захаров | J50: 100 | M50: 145 | N50: =J50*M50+K50*M50+L50*M50 -> 14500
F51: =B51*E51+C51*E51+D51*E51 -> 0 | H51: 45681 | I51: Захаров | J51: 200 | M51: 145 | N51: =J51*M51+K51*M51+L51*M51 -> 29000
... F55: =B55*E55+C55*E55+D55*E55 -> 0 | H55: 45687 | I55: Захаров | J55: 140 | M55: 145 | N55: =J55*M55+K55*M55+L55*M55 -> 20300
F56: =B56*E56+C56*E56+D56*E56 -> 0 | H56: 45688 | I56: Захаров | K56: 160 | M56: 145 | N56: =J56*M56+K56*M56+L56*M56 -> 23200
F57: =B57*E57+C57*E57+D57*E57 -> 0 | H57: 45691 | I57: Захаров | K57: 180 | M57: 145 | N57: =J57*M57+K57*M57+L57*M57 -> 26100
F58: =B58*E58+C58*E58+D58*E58 -> 0 | H58: 45693 | I58: Захаров | K58: 260 | M58: 145 | N58: =J58*M58+K58*M58+L58*M58 -> 37700
F59: =B59*E59+C59*E59+D59*E59 -> 0 | H59: 45694 | I59: Захаров | K59: 140 | M59: 145 | N59: =J59*M59+K59*M59+L59*M59 -> 20300
F60: =B60*E60+C60*E60+D60*E60 -> 0 | H60: 45698 | I60: Захаров | K60: 40 | M60: 145 | N60: =J60*M60+K60*M60+L60*M60 -> 5800
F61: =B61*E61+C61*E61+D61*E61 -> 0 | N61: =J61*M61+K61*M61+L61*M61 -> 0
F62: =B62*E62+C62*E62+D62*E62 -> 0 | N62: =J62*M62+K62*M62+L62*M62 -> 0
F63: =B63*E63+C63*E63+D63*E63 -> 0 | N63: =J63*M63+K63*M63+L63*M63 -> 0
F64: =B64*E64+C64*E64+D64*E64 -> 0 | N64: =J64*M64+K64*M64+L64*M64 -> 0
F65: =B65*E65+C65*E65+D65*E65 -> 0 | N65: =J65*M65+K65*M65+L65*M65 -> 0
F66: =B66*E66+C66*E66+D66*E66 -> 0 | N66: =J66*M66+K66*M66+L66*M66 -> 0
F67: =B67*E67+C67*E67+D67*E67 -> 0 | N67: =J67*M67+K67*M67+L67*M67 -> 0
F68: =B68*E68+C68*E68+D68*E68 -> 0 | N68: =J68*M68+K68*M68+L68*M68 -> 0
F69: =B69*E69+C69*E69+D69*E69 -> 0 | N69: =J69*M69+K69*M69+L69*M69 -> 0
B70: =SUM(B3:B69) -> 4220 | C70: =SUM(C3:C69) -> 780 | D70: =SUM(D3:D69) -> 0 | J70: =SUM(J3:J69) -> 4220 | K70: =SUM(K3:K69) -> 780 | L70: =SUM(L3:L69) -> 0

Sheet отработ масло
A1: дата поставки | B1: масло отработка | C1: цена | D1: на сумму | F1: дата выдачи на пр-во | G1: в чей подотчет | H1: масло отработка | I1: цена | J1: на сумму | M1: масло отработка
A2: 2024 год | F2: 2024 год | J2: 0 | M2: =0+B20-H20 -> 1075
B3: 150 | C3: 55 | D3: =B3*C3 -> 8250 | K3: было 40р. | M3: 55
A4: 45594 | B4: 75 | C4: 55 | D4: =B4*C4 -> 4125 | J4: =H4*I4 -> 0 | M4: =M2*M3 -> 59125
A5: 45601 | B5: 75 | C5: 55 | D5: =B5*C5 -> 4125 | J5: =H5*I5 -> 0
A6: 45636 | B6: 75 | C6: 55 | D6: =B6*C6 -> 4125 | J6: =H6*I6 -> 0
A7: 45645 | B7: 150 | C7: 55 | D7: =B7*C7 -> 8250 | J7: =H7*I7 -> 0
A8: 45691 | B8: 475 | C8: 55 | D8: =B8*C8 -> 26125 | J8: =H8*I8 -> 0
A9: 45695 | B9: 250 | C9: 55 | D9: =B9*C9 -> 13750 | J9: =H9*I9 -> 0
D10: =B10*C10 -> 0 | F10: 45701 | G10: продажа | H10: 1000 | I10: 46 | J10: =H10*I10 -> 46000
A11: 45712 | B11: 450 | C11: 55 | D11: =B11*C11 -> 24750 | J11: =H11*I11 -> 0
A12: 45716 | B12: 300 | C12: 55 | D12: =B12*C12 -> 16500 | J12: =H12*I12 -> 0
A13: март | J13: =H13*I13 -> 0
A14: 45733 | B14: 75 | C14: 55 | D14: =B14*C14 -> 4125 | J14: =H14*I14 -> 0
J15: =H15*I15 -> 0
J16: =H16*I16 -> 0
J17: =H17*I17 -> 0
J18: =H18*I18 -> 0
J19: =H19*I19 -> 0
B20: =SUM(B3:B19) -> 2075 | H20: =SUM(H3:H19) -> 1000

Sheet ТД Виктан
A1: дата поставки | B1: соль пищевая, кг | C1: цена | D1: на сумму | F1: дата выдачи на пр-во | G1: соль пищевая, кг | H1: цена | I1: на сумму | L1: соль пищевая, кг
A2: 2024 год | F2: 2024 год | L2: =0+B65-G65 -> 1440
A3: 45513 | B3: 1000 | C3: 18 | D3: =B3*C3 -> 18000 | I3: =G3*H3 -> 0 | L3: 24
G4: 6.5 | H4: 18 | I4: =G4*H4 -> 117 | L4: =L2*L3 -> 34560
F5: 45535 | G5: 5 | H5: 18 | I5: =G5*H5 -> 90
G6: 1 | H6: 18 | I6: =G6*H6 -> 18
F7: 45567 | G7: 6.5 | H7: 18 | I7: =G7*H7 -> 117
F8: 45568 | G8: 7 | H8: 18 | I8: =G8*H8 -> 126
F9: 45576 | G9: 24 | H9: 18 | I9: =G9*H9 -> 432 | J9: списано после учета?...
F10: 45580 | G10: 7.5 | H10: 18 | I10: =G10*H10 -> 135
F11: 45583 | G11: 10.4 | H11: 18 | I11: =G11*H11 -> 187.2
F12: 45589 | G12: 0.3 | H12: 18 | I12: =G12*H12 -> 5.4
F13: 45593 | G13: 100 | H13: 18 | I13: =G13*H13 -> 1800
F14: 45595 | G14: 31.8 | H14: 18 | I14: =G14*H14 -> 572.4
F15: 45604 | G15: 50 | H15: 18 | I15: =G15*H15 -> 900
F16: 45630 | G16: 50 | H16: 18 | I16: =G16*H16 -> 900
F17: 46014 | G17: 50 | H17: 18 | I17: =G17*H17 -> 900
F18: 2025 год | I18: =G18*H18 -> 0
F19: 45673 | G19: 200 | H19: 18 | I19: =G19*H19 -> 3600
F20: 45674 | G20: 100 | H20: 18 | I20: =G20*H20 -> 1800
F21: 45677 | G21: 100 | H21: 18 | I21: =G21*H21 -> 1800
A22: 45678 | B22: 1000 | C22: 24 | D22: =B22*C22 -> 24000 | F22: 45678 | G22: 250 | H22: 18 | I22: =G22*H22 -> 4500
D23: =B23*C23 -> 0 | G23: 100 | H23: 24 | I23: =G23*H23 -> 2400
D24: =B24*C24 -> 0 | F24: 45679 | G24: 100 | H24: 24 | I24: =G24*H24 -> 2400
D25: =B25*C25 -> 0 | F25: 45685 | G25: 50 | H25: 24 | I25: =G25*H25 -> 1200
D26: =B26*C26 -> 0 | F26: февраль | G26: 50 | H26: 24 | I26: =G26*H26 -> 1200
D27: =B27*C27 -> 0 | F27: 45698 | G27: 250 | H27: 24 | I27: =G27*H27 -> 6000
D28: =B28*C28 -> 0 | F28: 45699 | G28: 150 | H28: 24 | I28: =G28*H28 -> 3600
A29: 45700 | B29: 1000 | C29: 24 | D29: =B29*C29 -> 24000 | F29: 45700 | G29: 200 | H29: 24 | I29: =G29*H29 -> 4800
D30: =B30*C30 -> 0 | F30: 45701 | G30: 200 | H30: 24 | I30: =G30*H30 -> 4800
D31: =B31*C31 -> 0 | F31: 45702 | G31: 250 | H31: 24 | I31: =G31*H31 -> 6000
D32: =B32*C32 -> 0 | F32: 45705 | G32: 50 | H32: 24 | I32: =G32*H32 -> 1200
D33: =B33*C33 -> 0 | F33: март | I33: =G33*H33 -> 0
D34: =B34*C34 -> 0 | F34: 45719 | G34: 100 | H34: 24 | I34: =G34*H34 -> 2400
D35: =B35*C35 -> 0 | F35: 45720 | G35: 50 | H35: 24 | I35: =G35*H35 -> 1200
D36: =B36*C36 -> 0 | F36: 45723 | G36: 450 | H36: 24 | I36: =G36*H36 -> 10800
A37: 45727 | B37: 1000 | C37: 24 | D37: =B37*C37 -> 24000 | F37: 45729 | G37: 50 | H37: 24 | I37: =G37*H37 -> 1200
D38: =B38*C38 -> 0 | F38: 45735 | G38: 50 | H38: 24 | I38: =G38*H38 -> 1200
D39: =B39*C39 -> 0 | F39: 45740 | G39: 50 | H39: 24 | I39: =G39*H39 -> 1200
D40: =B40*C40 -> 0 | F40: 45742 | G40: 150 | H40: 24 | I40: =G40*H40 -> 3600
D41: =B41*C41 -> 0 | F41: 45743 | G41: 100 | H41: 24 | I41: =G41*H41 -> 2400
D42: =B42*C42 -> 0 | F42: 45747 | G42: 350 | H42: 24 | I42: =G42*H42 -> 8400
D43: =B43*C43 -> 0 | F43: 45748 | G43: 250 | H43: 24 | I43: =G43*H43 -> 6000
A44: 45749 | B44: 1000 | C44: 24 | D44: =B44*C44 -> 24000 | F44: 45749 | G44: 50 | H44: 24 | I44: =G44*H44 -> 1200
D45: =B45*C45 -> 0 | F45: 45750 | G45: 50 | H45: 24 | I45: =G45*H45 -> 1200
D46: =B46*C46 -> 0 | F46: 45757 | G46: 300 | H46: 24 | I46: =G46*H46 -> 7200
D47: =B47*C47 -> 0 | F47: 11-14.04 | G47: 50 | H47: 24 | I47: =G47*H47 -> 1200
D48: =B48*C48 -> 0 | F48: 45764 | G48: 50 | H48: 24 | I48: =G48*H48 -> 1200
A49: 45768 | B49: 1000 | C49: 24 | D49: =B49*C49 -> 24000 | F49: 45768 | G49: 400 | H49: 24 | I49: =G49*H49 -> 9600
D50: =B50*C50 -> 0 | F50: 45769 | G50: 200 | H50: 24 | I50: =G50*H50 -> 4800
D51: =B51*C51 -> 0 | F51: 45771 | G51: 250 | H51: 24 | I51: =G51*H51 -> 6000
D52: =B52*C52 -> 0 | F52: 45775 | G52: 60 | H52: 24 | I52: =G52*H52 -> 1440
D53: =B53*C53 -> 0 | F53: 45776 | G53: 50 | H53: 24 | I53: =G53*H53 -> 1200
D54: =B54*C54 -> 0 | F54: 01-04 мая | G54: 50 | H54: 24 | I54: =G54*H54 -> 1200
D55: =B55*C55 -> 0 | F55: 08-09 мая | G55: 250 | H55: 24 | I55: =G55*H55 -> 6000
A56: 16 мая | B56: 2000 | C56: 24 | D56: =B56*C56 -> 48000 | F56: 17 мая | G56: 250 | H56: 24 | I56: =G56*H56 -> 6000
D57: =B57*C57 -> 0 | F57: 18 мая | G57: 250 | H57: 24 | I57: =G57*H57 -> 6000
D58: =B58*C58 -> 0 | F58: 19 мая | G58: 300 | H58: 24 | I58: =G58*H58 -> 7200
D59: =B59*C59 -> 0 | I59: =G59*H59 -> 0
D60: =B60*C60 -> 0 | I60: =G60*H60 -> 0
D61: =B61*C61 -> 0 | I61: =G61*H61 -> 0
D62: =B62*C62 -> 0 | I62: =G62*H62 -> 0
D63: =B63*C63 -> 0 | I63: =G63*H63 -> 0
D64: =B64*C64 -> 0 | I64: =G64*H64 -> 0
B65: =SUM(B3:B64) -> 8000 | G65: =SUM(G3:G64) -> 6560

Sheet Скип
A1: дата поставки | B1: патока крахм, кг | C1: патока крахм, кг | E1: цена | F1: на сумму | H1: дата выдачи на пр-во | I1: патока крахм, кг | J1: патока крахм, кг | L1: цена | M1: на сумму | P1: патока крахм, кг | Q1: патока крахм, кг
A2: 2024 год | H2: 2024 год | P2: =0+B95-I95 -> -256 | Q2: =0+C95-J95 -> 0
A3: 45517 | B3: 2520 | E3: 56 | F3: =B3*E3+C3*E3+D3*E3 -> 141120 | M3: =I3*L3+J3*L3+K3*L3 -> 0 | P3: 57 | Q3: 59
F4: =B4*E4+C4*E4+D4*E4 -> 0 | I4: 10 | L4: 56 | M4: =I4*L4+J4*L4+K4*L4 -> 560 | P4: =P2*P3 -> -14592 | Q4: =Q2*Q3 -> 0
F5: =B5*E5+C5*E5+D5*E5 -> 0 | H5: 45535 | I5: 10 | L5: 56 | M5: =I5*L5+J5*L5+K5*L5 -> 560
F6: =B6*E6+C6*E6+D6*E6 -> 0 | H6: 45545 | I6: 13 | L6: 56 | M6: =I6*L6+J6*L6+K6*L6 -> 728
F7: =B7*E7+C7*E7+D7*E7 -> 0 | H7: 45551 | I7: 10 | L7: 56 | M7: =I7*L7+J7*L7+K7*L7 -> 560
F8: =B8*E8+C8*E8+D8*E8 -> 0 | H8: 45558 | I8: 10 | L8: 56 | M8: =I8*L8+J8*L8+K8*L8 -> 560
F9: =B9*E9+C9*E9+D9*E9 -> 0 | H9: 45560 | I9: 10 | L9: 56 | M9: =I9*L9+J9*L9+K9*L9 -> 560
F10: =B10*E10+C10*E10+D10*E10 -> 0 | H10: 45561 | I10: 21 | L10: 56 | M10: =I10*L10+J10*L10+K10*L10 -> 1176
F11: =B11*E11+C11*E11+D11*E11 -> 0 | H11: 45567 | I11: 122 | L11: 56 | M11: =I11*L11+J11*L11+K11*L11 -> 6832
F12: =B12*E12+C12*E12+D12*E12 -> 0 | H12: 45568 | I12: 96 | L12: 56 | M12: =I12*L12+J12*L12+K12*L12 -> 5376
F13: =B13*E13+C13*E13+D13*E13 -> 0 | H13: 45576 | I13: -2 | L13: 56 | M13: =I13*L13+J13*L13+K13*L13 -> -112
F14: =B14*E14+C14*E14+D14*E14 -> 0 | H14: 45580 | I14: 57.5 | L14: 56 | M14: =I14*L14+J14*L14+K14*L14 -> 3220 | N14: изм в отчете! | P14: было 115,00
F15: =B15*E15+C15*E15+D15*E15 -> 0 | H15: 45583 | I15: 128 | L15: 56 | M15: =I15*L15+J15*L15+K15*L15 -> 7168
F16: =B16*E16+C16*E16+D16*E16 -> 0 | H16: 45594 | I16: 354.5 | L16: 56 | M16: =I16*L16+J16*L16+K16*L16 -> 19852
F17: =B17*E17+C17*E17+D17*E17 -> 0 | H17: 45595 | I17: 143 | L17: 56 | M17: =I17*L17+J17*L17+K17*L17 -> 8008
F18: =B18*E18+C18*E18+D18*E18 -> 0 | H18: 45601 | I18: 180 | L18: 56 | M18: =I18*L18+J18*L18+K18*L18 -> 10080
F19: =B19*E19+C19*E19+D19*E19 -> 0 | H19: 45604 | I19: 128 | L19: 56 | M19: =I19*L19+J19*L19+K19*L19 -> 7168
F20: =B20*E20+C20*E20+D20*E20 -> 0 | H20: 45631 | I20: 128 | L20: 56 | M20: =I20*L20+J20*L20+K20*L20 -> 7168
F21: =B21*E21+C21*E21+D21*E21 -> 0 | H21: 45636 | I21: 128 | L21: 56 | M21: =I21*L21+J21*L21+K21*L21 -> 7168
F22: =B22*E22+C22*E22+D22*E22 -> 0 | H22: 45638 | I22: 128 | L22: 56 | M22: =I22*L22+J22*L22+K22*L22 -> 7168
F23: =B23*E23+C23*E23+D23*E23 -> 0 | H23: 45642 | I23: 128 | L23: 56 | M23: =I23*L23+J23*L23+K23*L23 -> 7168
F24: =B24*E24+C24*E24+D24*E24 -> 0 | H24: 45649 | I24: 256 | L24: 56 | M24: =I24*L24+J24*L24+K24*L24 -> 14336
F25: =B25*E25+C25*E25+D25*E25 -> 0 | H25: 45650 | I25: 128 | L25: 56 | M25: =I25*L25+J25*L25+K25*L25 -> 7168
A26: 2025 го | F26: =B26*E26+C26*E26+D26*E26 -> 0 | H26: 2025 го | M26: =I26*L26+J26*L26+K26*L26 -> 0
F27: =B27*E27+C27*E27+D27*E27 -> 0 | H27: 45666 | I27: 100 | L27: 56 | M27: =I27*L27+J27*L27+K27*L27 -> 5600
F28: =B28*E28+C28*E28+D28*E28 -> 0 | H28: 45667 | I28: 128 | L28: 56 | M28: =I28*L28+J28*L28+K28*L28 -> 7168
F29: =B29*E29+C29*E29+D29*E29 -> 0 | H29: 45673 | I29: 105 | L29: 56 | M29: =I29*L29+J29*L29+K29*L29 -> 5880
A30: 45677 | B30: 1680 | E30: 66.8 | F30: =B30*E30+C30*E30+D30*E30 -> 112224 | H30: 45680 | I30: 128 | L30: 66.8 | M30: =I30*L30+J30*L30+K30*L30 -> 8550.4
F31: =B31*E31+C31*E31+D31*E31 -> 0 | H31: 45681 | I31: 128 | L31: 66.8 | M31: =I31*L31+J31*L31+K31*L31 -> 8550.4
F32: =B32*E32+C32*E32+D32*E32 -> 0 | H32: 45685 | I32: 128 | L32: 66.8 | M32: =I32*L32+J32*L32+K32*L32 -> 8550.4
F33: =B33*E33+C33*E33+D33*E33 -> 0 | H33: 45686 | I33: 105 | L33: 66.8 | M33: =I33*L33+J33*L33+K33*L33 -> 7014
F34: =B34*E34+C34*E34+D34*E34 -> 0 | H34: 45687 | I34: 36 | L34: 66.8 | M34: =I34*L34+J34*L34+K34*L34 -> 2404.8
F35: =B35*E35+C35*E35+D35*E35 -> 0 | H35: 45688 | I35: 105 | L35: 66.8 | M35: =I35*L35+J35*L35+K35*L35 -> 7014
F36: =B36*E36+C36*E36+D36*E36 -> 0 | H36: 45691 | I36: 105 | L36: 66.8 | M36: =I36*L36+J36*L36+K36*L36 -> 7014
F37: =B37*E37+C37*E37+D37*E37 -> 0 | H37: 45692 | I37: 70 | L37: 66.8 | M37: =I37*L37+J37*L37+K37*L37 -> 4676
F38: =B38*E38+C38*E38+D38*E38 -> 0 | H38: 45693 | I38: 105 | L38: 66.8 | M38: =I38*L38+J38*L38+K38*L38 -> 7014
F39: =B39*E39+C39*E39+D39*E39 -> 0 | H39: 45694 | I39: 105 | L39: 66.8 | M39: =I39*L39+J39*L39+K39*L39 -> 7014
F40: =B40*E40+C40*E40+D40*E40 -> 0 | H40: 45698 | I40: 105 | L40: 66.8 | M40: =I40*L40+J40*L40+K40*L40 -> 7014
F41: =B41*E41+C41*E41+D41*E41 -> 0 | H41: 45699 | I41: 140 | L41: 66.8 | M41: =I41*L41+J41*L41+K41*L41 -> 9352
A42: 45700 | C42: 840 | E42: 59 | F42: =B42*E42+C42*E42+D42*E42 -> 49560 | H42: 45700 | I42: 245 | L42: 66.8 | M42: =I42*L42+J42*L42+K42*L42 -> 16366
F43: =B43*E43+C43*E43+D43*E43 -> 0 | H43: 45701 | I43: 140 | L43: 66.8 | M43: =I43*L43+J43*L43+K43*L43 -> 9352
F44: =B44*E44+C44*E44+D44*E44 -> 0 | H44: 45706 | J44: 105 | L44: 59 | M44: =I44*L44+J44*L44+K44*L44 -> 6195
F45: =B45*E45+C45*E45+D45*E45 -> 0 | I45: 35 | L45: 66.8 | M45: =I45*L45+J45*L45+K45*L45 -> 2338
F46: =B46*E46+C46*E46+D46*E46 -> 0 | H46: 45707 | J46: 105 | L46: 59 | M46: =I46*L46+J46*L46+K46*L46 -> 6195
F47: =B47*E47+C47*E47+D47*E47 -> 0 | H47: 45708 | J47: 140 | L47: 59 | M47: =I47*L47+J47*L47+K47*L47 -> 8260
F48: =B48*E48+C48*E48+D48*E48 -> 0 | H48: 45712 | J48: 140 | L48: 59 | M48: =I48*L48+J48*L48+K48*L48 -> 8260
F49: =B49*E49+C49*E49+D49*E49 -> 0 | H49: 45713 | J49: 280 | L49: 59 | M49: =I49*L49+J49*L49+K49*L49 -> 16520
A50: 45714 | B50: 2240 | E50: 57 | F50: =B50*E50+C50*E50+D50*E50 -> 127680 | H50: 45714 | J50: 70 | L50: 59 | M50: =I50*L50+J50*L50+K50*L50 -> 4130
F51: =B51*E51+C51*E51+D51*E51 -> 0 | I51: 256 | J51: 0 | L51: 57 | M51: =I51*L51+J51*L51+K51*L51 -> 14592
F52: =B52*E52+C52*E52+D52*E52 -> 0 | H52: 45716 | I52: 128 | L52: 57 | M52: =I52*L52+J52*L52+K52*L52 -> 7296
F53: =B53*E53+C53*E53+D53*E53 -> 0 | H53: март | M53: =I53*L53+J53*L53+K53*L53 -> 0
F54: =B54*E54+C54*E54+D54*E54 -> 0 | H54: 45719 | I54: 256 | L54: 57 | M54: =I54*L54+J54*L54+K54*L54 -> 14592
F55: =B55*E55+C55*E55+D55*E55 -> 0 | H55: 45720 | I55: 128 | L55: 57 | M55: =I55*L55+J55*L55+K55*L55 -> 7296
F56: =B56*E56+C56*E56+D56*E56 -> 0 | H56: 45726 | I56: 128 | L56: 57 | M56: =I56*L56+J56*L56+K56*L56 -> 7296
F57: =B57*E57+C57*E57+D57*E57 -> 0 | H57: 45727 | I57: 256 | L57: 57 | M57: =I57*L57+J57*L57+K57*L57 -> 14592
F58: =B58*E58+C58*E58+D58*E58 -> 0 | H58: 45728 | I58: 128 | L58: 57 | M58: =I58*L58+J58*L58+K58*L58 -> 7296
F59: =B59*E59+C59*E59+D59*E59 -> 0 | H59: 45729 | I59: 128 | L59: 57 | M59: =I59*L59+J59*L59+K59*L59 -> 7296
F60: =B60*E60+C60*E60+D60*E60 -> 0 | H60: 45730 | I60: 128 | L60: 57 | M60: =I60*L60+J60*L60+K60*L60 -> 7296
F61: =B61*E61+C61*E61+D61*E61 -> 0 | H61: 45733 | I61: 256 | L61: 57 | M61: =I61*L61+J61*L61+K61*L61 -> 14592
F62: =B62*E62+C62*E62+D62*E62 -> 0 | H62: 45734 | I62: 128 | L62: 57 | M62: =I62*L62+J62*L62+K62*L62 -> 7296
F63: =B63*E63+C63*E63+D63*E63 -> 0 | H63: 45735 | I63: 256 | L63: 57 | M63: =I63*L63+J63*L63+K63*L63 -> 14592
F64: =B64*E64+C64*E64+D64*E64 -> 0 | H64: 45736 | I64: 64 | L64: 57 | M64: =I64*L64+J64*L64+K64*L64 -> 3648
A65: 45737 | B65: 2240 | E65: 57 | F65: =B65*E65+C65*E65+D65*E65 -> 127680 | H65: 45737 | I65: 128 | L65: 57 | M65: =I65*L65+J65*L65+K65*L65 -> 7296
F66: =B66*E66+C66*E66+D66*E66 -> 0 | H66: 45740 | I66: 256 | L66: 57 | M66: =I66*L66+J66*L66+K66*L66 -> 14592
F67: =B67*E67+C67*E67+D67*E67 -> 0 | H67: 45741 | I67: 128 | L67: 57 | M67: =I67*L67+J67*L67+K67*L67 -> 7296
F68: =B68*E68+C68*E68+D68*E68 -> 0 | H68: 45742 | I68: 128 | L68: 57 | M68: =I68*L68+J68*L68+K68*L68 -> 7296
F69: =B69*E69+C69*E69+D69*E69 -> 0 | H69: 45744 | I69: 256 | L69: 57 | M69: =I69*L69+J69*L69+K69*L69 -> 14592
F70: =B70*E70+C70*E70+D70*E70 -> 0 | H70: 45747 | I70: 128 | L70: 57 | M70: =I70*L70+J70*L70+K70*L70 -> 7296
F71: =B71*E71+C71*E71+D71*E71 -> 0 | H71: 45748 | I71: 256 | L71: 57 | M71: =I71*L71+J71*L71+K71*L71 -> 14592
F72: =B72*E72+C72*E72+D72*E72 -> 0 | H72: 45750 | I72: 128 | L72: 57 | M72: =I72*L72+J72*L72+K72*L72 -> 7296
F73: =B73*E73+C73*E73+D73*E73 -> 0 | H73: 45751 | I73: 128 | L73: 57 | M73: =I73*L73+J73*L73+K73*L73 -> 7296
F74: =B74*E74+C74*E74+D74*E74 -> 0 | H74: 45754 | I74: 256 | L74: 57 | M74: =I74*L74+J74*L74+K74*L74 -> 14592
A75: 45755 | B75: 2240 | E75: 57 | F75: =B75*E75+C75*E75+D75*E75 -> 127680 | H75: 45755 | I75: 256 | L75: 57 | M75: =I75*L75+J75*L75+K75*L75 -> 14592
F76: =B76*E76+C76*E76+D76*E76 -> 0 | H76: 45757 | I76: 128 | L76: 57 | M76: =I76*L76+J76*L76+K76*L76 -> 7296
F77: =B77*E77+C77*E77+D77*E77 -> 0 | H77: 11-14.04 | I77: 768 | L77: 57 | M77: =I77*L77+J77*L77+K77*L77 -> 43776
F78: =B78*E78+C78*E78+D78*E78 -> 0 | H78: 45763 | I78: 128 | L78: 57 | M78: =I78*L78+J78*L78+K78*L78 -> 7296
F79: =B79*E79+C79*E79+D79*E79 -> 0 | H79: 45768 | I79: 356 | L79: 57 | M79: =I79*L79+J79*L79+K79*L79 -> 20292
F80: =B80*E80+C80*E80+D80*E80 -> 0 | H80: 45771 | I80: 28 | L80: 57 | M80: =I80*L80+J80*L80+K80*L80 -> 1596
F81: =B81*E81+C81*E81+D81*E81 -> 0 | H81: 45775 | I81: 512 | L81: 57 | M81: =I81*L81+J81*L81+K81*L81 -> 29184
F82: =B82*E82+C82*E82+D82*E82 -> 0 | H82: 45776 | I82: 256 | L82: 57 | M82: =I82*L82+J82*L82+K82*L82 -> 14592
F83: =B83*E83+C83*E83+D83*E83 -> 0 | H83: 01-04 мая | I83: 384 | L83: 57 | M83: =I83*L83+J83*L83+K83*L83 -> 21888
F84: =B84*E84+C84*E84+D84*E84 -> 0 | H84: 06 мая | I84: 128 | L84: 57 | M84: =I84*L84+J84*L84+K84*L84 -> 7296
F85: =B85*E85+C85*E85+D85*E85 -> 0 | M85: =I85*L85+J85*L85+K85*L85 -> 0
F86: =B86*E86+C86*E86+D86*E86 -> 0 | M86: =I86*L86+J86*L86+K86*L86 -> 0
F87: =B87*E87+C87*E87+D87*E87 -> 0 | M87: =I87*L87+J87*L87+K87*L87 -> 0
F88: =B88*E88+C88*E88+D88*E88 -> 0 | M88: =I88*L88+J88*L88+K88*L88 -> 0
F89: =B89*E89+C89*E89+D89*E89 -> 0 | M89: =I89*L89+J89*L89+K89*L89 -> 0
F90: =B90*E90+C90*E90+D90*E90 -> 0 | M90: =I90*L90+J90*L90+K90*L90 -> 0
F91: =B91*E91+C91*E91+D91*E91 -> 0 | M91: =I91*L91+J91*L91+K91*L91 -> 0
F92: =B92*E92+C92*E92+D92*E92 -> 0 | M92: =I92*L92+J92*L92+K92*L92 -> 0
F93: =B93*E93+C93*E93+D93*E93 -> 0 | M93: =I93*L93+J93*L93+K93*L93 -> 0
F94: =B94*E94+C94*E94+D94*E94 -> 0
B95: =SUM(B3:B94) -> 10920 | C95: =SUM(C3:C94) -> 840 | I95: =SUM(I3:I94) -> 11176 | J95: =SUM(J3:J94) -> 840

Sheet СоюзСнаб
A1: дата поставки | B1: пищевая добавка Шашлык | C1: пищевая добавка Васаби 402 | D1: пищевая добавка Васаби 409 | E1: пищевая добавка сладкий Чили | F1: пищевая добавка холодец с хреном | G1: пищевая добавка салями | H1: пищевая добавка красная икра 011 | I1: пищевая добавка Бекон 180 | J1: пищевая добавка Сыр | K1: Пд барбекю-шашлык 541 | L1: Пд креветка 053 | M1: Пд мексиканский соус 206 | N1: Пд грибы-сметана 272 | O1: Пд грибы-сметана 274 | P1: Пд холодец с хреном 551 | Q1: краситель тартразин | R1: цена | S1: на сумму | U1: дата выдачи на пр-во | V1: пищевая добавка Шашлык | W1: пищевая добавка Васаби 402 | X1: пищевая добавка Васаби 409 | Y1: пищевая добавка сладкий Чили | Z1: пищевая добавка холодец с хреном | AA1: пищевая добавка салями | AB1: пищевая добавка красная икра 011 | AC1: пищевая добавка Бекон 180 | AD1: пищевая добавка Сыр 352 | AE1: Пд барбекю-шашлык 541 | AF1: Пд креветка 053 | AG1: Пд мексиканский соус 206 | AH1: Пд грибы-сметана 272 | AI1: Пд грибы-сметана 274 | AJ1: Пд холодец с хреном 551 | AK1: ароматизотор | AL1: цена | AM1: на сумму
A2: 2024 год | U2: 2024 год | AO2: =0+B185-V185 -> -20 | AP2: =0+C185-W185 -> 75 | AQ2: =0+D185-X185 -> 130 | AR2: =0+E185-Y185 -> 105 | AS2: =0+F185-Z185 -> -10 | AT2: =G185-AA185 -> 10 | AU2: =H185-AB185 -> 65 | AV2: =I185-AC185 -> 0 | AW2: =0+J185-AD185 -> 155 | AX2: =0+K185-AE185 -> 220 | AY2: =0+L185-AF185 -> 70 | AZ2: =0+M185-AG185 -> 15 | BA2: =0+N185-AH185 -> 10 | BB2: =0+O185-AI185 -> 45 | BC2: =0+P185-AJ185 -> 85
A3: 45587 | B3: 25 | R3: 607 | S3: =B3*R3+C3*R3+D3*R3+E3*R3+F3*R3+G3*R3+H3*R3+I3*R3+J3*R3+K3*R3+L3*R3+M3*R3+N3*R3 -> 15175 | AM3: =V3*AL3+W3*AL3+X3*AL3+Y3*AL3+Z3*AL3+AC3*AL3+AA3*AL3+AB3*AL3+AD3*AL3+AE3*AL3+AF3*AL3+AG3*AL3+AH3*AL3+AI3*AL3+AJ3*AL3+AK3*AL3 -> 0 | AO3: 607 | AP3: 427 | AQ3: 427 | AR3: 514 | AS3: 519 | AT3: 504 | AU3: 557 | AV3: 502.85 | AW3: 398 | AX3: 629.27 | AY3: 524 | AZ3: 689.75 | BA3: 688.59 | BB3: 522.19 | BC3: 532.12
C4: 25 | R4: 427 | S4: =B4*R4+C4*R4+D4*R4+E4*R4+F4*R4+G4*R4+H4*R4+I4*R4+J4*R4+K4*R4+L4*R4+M4*R4+N4*R4 -> 10675 | AM4: =V4*AL4+W4*AL4+X4*AL4+Y4*AL4+Z4*AL4+AC4*AL4+AA4*AL4+AB4*AL4+AD4*AL4+AE4*AL4+AF4*AL4+AG4*AL4+AH4*AL4+AI4*AL4+AJ4*AL4+AK4*AL4 -> 0 | AO4: =AO2*AO3 -> -12140 | AP4: =AP2*AP3 -> 32025 | AQ4: =AQ2*AQ3 -> 55510 | AR4: =AR2*AR3 -> 53970 | AS4: =AS2*AS3 -> -5190 | AT4: =AT2*AT3 -> 5040 | AU4: =AU2*AU3 -> 36205 | AV4: =AV2*AV3 -> 0 | ... BC4: =BC2*BC3 -> 45230.2
S5: =B5*R5+C5*R5+D5*R5+E5*R5+F5*R5+G5*R5+H5*R5+I5*R5+J5*R5+K5*R5+L5*R5+M5*R5+N5*R5 -> 0 | U5: 45589 | V5: 5 | AL5: 607 | AM5: =V5*AL5+W5*AL5+X5*AL5+Y5*AL5+Z5*AL5+AC5*AL5+AA5*AL5+AB5*AL5+AD5*AL5+AE5*AL5+AF5*AL5+AG5*AL5+AH5*AL5+AI5*AL5+AJ5*AL5+AK5*AL5 -> 3035
A6: 45593 | D6: 75 | R6: 427 | S6: =B6*R6+C6*R6+D6*R6+E6*R6+F6*R6+G6*R6+H6*R6+I6*R6+J6*R6+K6*R6+L6*R6+M6*R6+N6*R6 -> 32025 | AM6: =V6*AL6+W6*AL6+X6*AL6+Y6*AL6+Z6*AL6+AC6*AL6+AA6*AL6+AB6*AL6+AD6*AL6+AE6*AL6+AF6*AL6+AG6*AL6+AH6*AL6+AI6*AL6+AJ6*AL6+AK6*AL6 -> 0
E7: 25 | R7: 514 | S7: =B7*R7+C7*R7+D7*R7+E7*R7+F7*R7+G7*R7+H7*R7+I7*R7+J7*R7+K7*R7+L7*R7+M7*R7+N7*R7 -> 12850 | AM7: =V7*AL7+W7*AL7+X7*AL7+Y7*AL7+Z7*AL7+AC7*AL7+AA7*AL7+AB7*AL7+AD7*AL7+AE7*AL7+AF7*AL7+AG7*AL7+AH7*AL7+AI7*AL7+AJ7*AL7+AK7*AL7 -> 0
F8: 25 | R8: 519 | S8: =B8*R8+C8*R8+D8*R8+E8*R8+F8*R8+G8*R8+H8*R8+I8*R8+J8*R8+K8*R8+L8*R8+M8*R8+N8*R8 -> 12975 | AM8: =V8*AL8+W8*AL8+X8*AL8+Y8*AL8+Z8*AL8+AC8*AL8+AA8*AL8+AB8*AL8+AD8*AL8+AE8*AL8+AF8*AL8+AG8*AL8+AH8*AL8+AI8*AL8+AJ8*AL8+AK8*AL8 -> 0
S9: =B9*R9+C9*R9+D9*R9+E9*R9+F9*R9+G9*R9+H9*R9+I9*R9+J9*R9+K9*R9+L9*R9+M9*R9+N9*R9 -> 0 | U9: 45594 | W9: 10 | X9: 5 | AL9: 427 | AM9: =V9*AL9+W9*AL9+X9*AL9+Y9*AL9+Z9*AL9+AC9*AL9+AA9*AL9+AB9*AL9+AD9*AL9+AE9*AL9+AF9*AL9+AG9*AL9+AH9*AL9+AI9*AL9+AJ9*AL9+AK9*AL9 -> 6405
S10: =B10*R10+C10*R10+D10*R10+E10*R10+F10*R10+G10*R10+H10*R10+I10*R10+J10*R10+K10*R10+L10*R10+M10*R10+N10*R10 -> 0 | AL10: 607 | AM10: =V10*AL10+W10*AL10+X10*AL10+Y10*AL10+Z10*AL10+AC10*AL10+AA10*AL10+AB10*AL10+AD10*AL10+AE10*AL10+AF10*AL10+AG10*AL10+AH10*AL10+AI10*AL10+AJ10*AL10+AK10*AL10 -> 0
S11: =B11*R11+C11*R11+D11*R11+E11*R11+F11*R11+G11*R11+H11*R11+I11*R11+J11*R11+K11*R11+L11*R11+M11*R11+N11*R11 -> 0 | Y11: 10 | AL11: 514 | AM11: =V11*AL11+W11*AL11+X11*AL11+Y11*AL11+Z11*AL11+AC11*AL11+AA11*AL11+AB11*AL11+AD11*AL11+AE11*AL11+AF11*AL11+AG11*AL11+AH11*AL11+AI11*AL11+AJ11*AL11+AK11*AL11 -> 5140
S12: =B12*R12+C12*R12+D12*R12+E12*R12+F12*R12+G12*R12+H12*R12+I12*R12+J12*R12+K12*R12+L12*R12+M12*R12+N12*R12 -> 0 | Z12: 5 | AL12: 519 | AM12: =V12*AL12+W12*AL12+X12*AL12+Y12*AL12+Z12*AL12+AC12*AL12+AA12*AL12+AB12*AL12+AD12*AL12+AE12*AL12+AF12*AL12+AG12*AL12+AH12*AL12+AI12*AL12+AJ12*AL12+AK12*AL12 -> 2595
S13: =B13*R13+C13*R13+D13*R13+E13*R13+F13*R13+G13*R13+H13*R13+I13*R13+J13*R13+K13*R13+L13*R13+M13*R13+N13*R13 -> 0 | U13: 45596 | V13: 5 | AL13: 607 | AM13: =V13*AL13+W13*AL13+X13*AL13+Y13*AL13+Z13*AL13+AC13*AL13+AA13*AL13+AB13*AL13+AD13*AL13+AE13*AL13+AF13*AL13+AG13*AL13+AH13*AL13+AI13*AL13+AJ13*AL13+AK13*AL13 -> 3035
S14: =B14*R14+C14*R14+D14*R14+E14*R14+F14*R14+G14*R14+H14*R14+I14*R14+J14*R14+K14*R14+L14*R14+M14*R14+N14*R14 -> 0 | U14: 45597 | V14: 10 | AL14: 607 | AM14: =V14*AL14+W14*AL14+X14*AL14+Y14*AL14+Z14*AL14+AC14*AL14+AA14*AL14+AB14*AL14+AD14*AL14+AE14*AL14+AF14*AL14+AG14*AL14+AH14*AL14+AI14*AL14+AJ14*AL14+AK14*AL14 -> 6070
S15: =B15*R15+C15*R15+D15*R15+E15*R15+F15*R15+G15*R15+H15*R15+I15*R15+J15*R15+K15*R15+L15*R15+M15*R15+N15*R15 -> 0 | U15: 45601 | X15: 35 | AL15: 427 | AM15: =V15*AL15+W15*AL15+X15*AL15+Y15*AL15+Z15*AL15+AC15*AL15+AA15*AL15+AB15*AL15+AD15*AL15+AE15*AL15+AF15*AL15+AG15*AL15+AH15*AL15+AI15*AL15+AJ15*AL15+AK15*AL15 -> 14945
A16: 45602 | G16: 5 | R16: 504 | S16: =B16*R16+C16*R16+D16*R16+E16*R16+F16*R16+G16*R16+H16*R16+I16*R16+J16*R16+K16*R16+L16*R16+M16*R16+N16*R16 -> 2520 | U16: 45602 | AB16: 10 | AL16: 557 | AM16: =V16*AL16+W16*AL16+X16*AL16+Y16*AL16+Z16*AL16+AC16*AL16+AA16*AL16+AB16*AL16+AD16*AL16+AE16*AL16+AF16*AL16+AG16*AL16+AH16*AL16+AI16*AL16+AJ16*AL16+AK16*AL16 -> 5570
H17: 25 | R17: 557 | S17: =B17*R17+C17*R17+D17*R17+E17*R17+F17*R17+G17*R17+H17*R17+I17*R17+J17*R17+K17*R17+L17*R17+M17*R17+N17*R17 -> 13925 | AA17: 5 | AL17: 504 | AM17: =V17*AL17+W17*AL17+X17*AL17+Y17*AL17+Z17*AL17+AC17*AL17+AA17*AL17+AB17*AL17+AD17*AL17+AE17*AL17+AF17*AL17+AG17*AL17+AH17*AL17+AI17*AL17+AJ17*AL17+AK17*AL17 -> 2520
B18: 50 | R18: 607 | S18: =B18*R18+C18*R18+D18*R18+E18*R18+F18*R18+G18*R18+H18*R18+I18*R18+J18*R18+K18*R18+L18*R18+M18*R18+N18*R18 -> 30350 | V18: 5 | AM18: =V18*AL18+W18*AL18+X18*AL18+Y18*AL18+Z18*AL18+AC18*AL18+AA18*AL18+AB18*AL18+AD18*AL18+AE18*AL18+AF18*AL18+AG18*AL18+AH18*AL18+AI18*AL18+AJ18*AL18+AK18*AL18 -> 0
A19: 45614 | G19: 25 | R19: 504 | S19: =B19*R19+C19*R19+D19*R19+E19*R19+F19*R19+G19*R19+H19*R19+I19*R19+J19*R19+K19*R19+L19*R19+M19*R19+N19*R19 -> 12600 | U19: 45618 | X19: 20 | AL19: 427 | AM19: =V19*AL19+W19*AL19+X19*AL19+Y19*AL19+Z19*AL19+AC19*AL19+AA19*AL19+AB19*AL19+AD19*AL19+AE19*AL19+AF19*AL19+AG19*AL19+AH19*AL19+AI19*AL19+AJ19*AL19+AK19*AL19 -> 8540
S20: =B20*R20+C20*R20+D20*R20+E20*R20+F20*R20+G20*R20+H20*R20+I20*R20+J20*R20+K20*R20+L20*R20+M20*R20+N20*R20 -> 0 | AB20: 5 | AL20: 557 | AM20: =V20*AL20+W20*AL20+X20*AL20+Y20*AL20+Z20*AL20+AC20*AL20+AA20*AL20+AB20*AL20+AD20*AL20+AE20*AL20+AF20*AL20+AG20*AL20+AH20*AL20+AI20*AL20+AJ20*AL20+AK20*AL20 -> 2785
S21: =B21*R21+C21*R21+D21*R21+E21*R21+F21*R21+G21*R21+H21*R21+I21*R21+J21*R21+K21*R21+L21*R21+M21*R21+N21*R21 -> 0 | V21: 15 | AL21: 607 | AM21: =V21*AL21+W21*AL21+X21*AL21+Y21*AL21+Z21*AL21+AC21*AL21+AA21*AL21+AB21*AL21+AD21*AL21+AE21*AL21+AF21*AL21+AG21*AL21+AH21*AL21+AI21*AL21+AJ21*AL21+AK21*AL21 -> 9105
S22: =B22*R22+C22*R22+D22*R22+E22*R22+F22*R22+G22*R22+H22*R22+I22*R22+J22*R22+K22*R22+L22*R22+M22*R22+N22*R22 -> 0 | U22: 45621 | AA22: 5 | AL22: 504 | AM22: =V22*AL22+W22*AL22+X22*AL22+Y22*AL22+Z22*AL22+AC22*AL22+AA22*AL22+AB22*AL22+AD22*AL22+AE22*AL22+AF22*AL22+AG22*AL22+AH22*AL22+AI22*AL22+AJ22*AL22+AK22*AL22 -> 2520
A23: 45628 | I23: 25 | R23: 502.85 | S23: =B23*R23+C23*R23+D23*R23+E23*R23+F23*R23+G23*R23+H23*R23+I23*R23+J23*R23+K23*R23+L23*R23+M23*R23+N23*R23 -> 12571.25 | U23: 45628 | AC23: 5 | AL23: 502.85 | AM23: =V23*AL23+W23*AL23+X23*AL23+Y23*AL23+Z23*AL23+AC23*AL23+AA23*AL23+AB23*AL23+AD23*AL23+AE23*AL23+AF23*AL23+AG23*AL23+AH23*AL23+AI23*AL23+AJ23*AL23+AK23*AL23 -> 2514.25
S24: =B24*R24+C24*R24+D24*R24+E24*R24+F24*R24+G24*R24+H24*R24+I24*R24+J24*R24+K24*R24+L24*R24+M24*R24+N24*R24 -> 0 | U24: 45632 | Z24: 10 | AL24: 519 | AM24: =V24*AL24+W24*AL24+X24*AL24+Y24*AL24+Z24*AL24+AC24*AL24+AA24*AL24+AB24*AL24+AD24*AL24+AE24*AL24+AF24*AL24+AG24*AL24+AH24*AL24+AI24*AL24+AJ24*AL24+AK24*AL24 -> 5190
S25: =B25*R25+C25*R25+D25*R25+E25*R25+F25*R25+G25*R25+H25*R25+I25*R25+J25*R25+K25*R25+L25*R25+M25*R25+N25*R25 -> 0 | U25: 45635 | AC25: 10 | AL25: 502.85 | AM25: =V25*AL25+W25*AL25+X25*AL25+Y25*AL25+Z25*AL25+AC25*AL25+AA25*AL25+AB25*AL25+AD25*AL25+AE25*AL25+AF25*AL25+AG25*AL25+AH25*AL25+AI25*AL25+AJ25*AL25+AK25*AL25 -> 5028.5
A26: 45638 | J26: 25 | R26: 398 | S26: =B26*R26+C26*R26+D26*R26+E26*R26+F26*R26+G26*R26+H26*R26+I26*R26+J26*R26+K26*R26+L26*R26+M26*R26+N26*R26 -> 9950 | U26: 45638 | X26: 15 | AL26: 427 | AM26: =V26*AL26+W26*AL26+X26*AL26+Y26*AL26+Z26*AL26+AC26*AL26+AA26*AL26+AB26*AL26+AD26*AL26+AE26*AL26+AF26*AL26+AG26*AL26+AH26*AL26+AI26*AL26+AJ26*AL26+AK26*AL26 -> 6405
S27: =B27*R27+C27*R27+D27*R27+E27*R27+F27*R27+G27*R27+H27*R27+I27*R27+J27*R27+K27*R27+L27*R27+M27*R27+N27*R27 -> 0 | AD27: 10 | AL27: 398 | AM27: =V27*AL27+W27*AL27+X27*AL27+Y27*AL27+Z27*AL27+AC27*AL27+AA27*AL27+AB27*AL27+AD27*AL27+AE27*AL27+AF27*AL27+AG27*AL27+AH27*AL27+AI27*AL27+AJ27*AL27+AK27*AL27 -> 3980
S28: =B28*R28+C28*R28+D28*R28+E28*R28+F28*R28+G28*R28+H28*R28+I28*R28+J28*R28+K28*R28+L28*R28+M28*R28+N28*R28 -> 0 | U28: 45642 | W28: 10 | AL28: 427 | AM28: =V28*AL28+W28*AL28+X28*AL28+Y28*AL28+Z28*AL28+AC28*AL28+AA28*AL28+AB28*AL28+AD28*AL28+AE28*AL28+AF28*AL28+AG28*AL28+AH28*AL28+AI28*AL28+AJ28*AL28+AK28*AL28 -> 4270
A29: 45643 | K29: 25 | R29: 629.27 | S29: =B29*R29+C29*R29+D29*R29+E29*R29+F29*R29+G29*R29+H29*R29+I29*R29+J29*R29+K29*R29+L29*R29+M29*R29+N29*R29 -> 15731.75 | U29: 45643 | W29: 5 | X29: 15 | AL29: 427 | AM29: =V29*AL29+W29*AL29+X29*AL29+Y29*AL29+Z29*AL29+AC29*AL29+AA29*AL29+AB29*AL29+AD29*AL29+AE29*AL29+AF29*AL29+AG29*AL29+AH29*AL29+AI29*AL29+AJ29*AL29+AK29*AL29 -> 8540
I30: 15 | R30: 502.85 | S30: =B30*R30+C30*R30+D30*R30+E30*R30+F30*R30+G30*R30+H30*R30+I30*R30+J30*R30+K30*R30+L30*R30+M30*R30+N30*R30 -> 7542.75 | U30: 45645 | AC30: 5 | AL30: 502.85 | AM30: =V30*AL30+W30*AL30+X30*AL30+Y30*AL30+Z30*AL30+AC30*AL30+AA30*AL30+AB30*AL30+AD30*AL30+AE30*AL30+AF30*AL30+AG30*AL30+AH30*AL30+AI30*AL30+AJ30*AL30+AK30*AL30 -> 2514.25
D31: 50 | R31: 427 | S31: =B31*R31+C31*R31+D31*R31+E31*R31+F31*R31+G31*R31+H31*R31+I31*R31+J31*R31+K31*R31+L31*R31+M31*R31+N31*R31 -> 21350 | AG31: 5 | AL31: 689.75 | AM31: =V31*AL31+W31*AL31+X31*AL31+Y31*AL31+Z31*AL31+AC31*AL31+AA31*AL31+AB31*AL31+AD31*AL31+AE31*AL31+AF31*AL31+AG31*AL31+AH31*AL31+AI31*AL31+AJ31*AL31+AK31*AL31 -> 3448.75
L32: 25 | R32: 524 | S32: =B32*R32+C32*R32+D32*R32+E32*R32+F32*R32+G32*R32+H32*R32+I32*R32+J32*R32+K32*R32+L32*R32+M32*R32+N32*R32 -> 13100 | U32: 45646 | AE32: 10 | AL32: 629.27 | AM32: =V32*AL32+W32*AL32+X32*AL32+Y32*AL32+Z32*AL32+AC32*AL32+AA32*AL32+AB32*AL32+AD32*AL32+AE32*AL32+AF32*AL32+AG32*AL32+AH32*AL32+AI32*AL32+AJ32*AL32+AK32*AL32 -> 6292.7
M33: 25 | R33: 689.75 | S33: =B33*R33+C33*R33+D33*R33+E33*R33+F33*R33+G33*R33+H33*R33+I33*R33+J33*R33+K33*R33+L33*R33+M33*R33+N33*R33 -> 17243.75 | U33: 46014 | X33: 10 | AL33: 427 | AM33: =V33*AL33+W33*AL33+X33*AL33+Y33*AL33+Z33*AL33+AC33*AL33+AA33*AL33+AB33*AL33+AD33*AL33+AE33*AL33+AF33*AL33+AG33*AL33+AH33*AL33+AI33*AL33+AJ33*AL33+AK33*AL33 -> 4270
H34: 25 | R34: 557 | S34: =B34*R34+C34*R34+D34*R34+E34*R34+F34*R34+G34*R34+H34*R34+I34*R34+J34*R34+K34*R34+L34*R34+M34*R34+N34*R34 -> 13925 | V34: 10 | AL34: 607 | AM34: =V34*AL34+W34*AL34+X34*AL34+Y34*AL34+Z34*AL34+AC34*AL34+AA34*AL34+AB34*AL34+AD34*AL34+AE34*AL34+AF34*AL34+AG34*AL34+AH34*AL34+AI34*AL34+AJ34*AL34+AK34*AL34 -> 6070
S35: =B35*R35+C35*R35+D35*R35+E35*R35+F35*R35+G35*R35+H35*R35+I35*R35+J35*R35+K35*R35+L35*R35+M35*R35+N35*R35 -> 0 | AG35: 5 | AL35: 689.75 | AM35: =V35*AL35+W35*AL35+X35*AL35+Y35*AL35+Z35*AL35+AC35*AL35+AA35*AL35+AB35*AL35+AD35*AL35+AE35*AL35+AF35*AL35+AG35*AL35+AH35*AL35+AI35*AL35+AJ35*AL35+AK35*AL35 -> 3448.75
S36: =B36*R36+C36*R36+D36*R36+E36*R36+F36*R36+G36*R36+H36*R36+I36*R36+J36*R36+K36*R36+L36*R36+M36*R36+N36*R36 -> 0 | U36: 45650 | AD36: 15 | AL36: 398 | AM36: =V36*AL36+W36*AL36+X36*AL36+Y36*AL36+Z36*AL36+AC36*AL36+AA36*AL36+AB36*AL36+AD36*AL36+AE36*AL36+AF36*AL36+AG36*AL36+AH36*AL36+AI36*AL36+AJ36*AL36+AK36*AL36 -> 5970
S37: =B37*R37+C37*R37+D37*R37+E37*R37+F37*R37+G37*R37+H37*R37+I37*R37+J37*R37+K37*R37+L37*R37+M37*R37+N37*R37 -> 0 | U37: 45651 | AE37: 5 | AL37: 629.27 | AM37: =V37*AL37+W37*AL37+X37*AL37+Y37*AL37+Z37*AL37+AC37*AL37+AA37*AL37+AB37*AL37+AD37*AL37+AE37*AL37+AF37*AL37+AG37*AL37+AH37*AL37+AI37*AL37+AJ37*AL37+AK37*AL37 -> 3146.35
S38: =B38*R38+C38*R38+D38*R38+E38*R38+F38*R38+G38*R38+H38*R38+I38*R38+J38*R38+K38*R38+L38*R38+M38*R38+N38*R38 -> 0 | U38: 45652 | X38: 10 | AL38: 427 | AM38: =V38*AL38+W38*AL38+X38*AL38+Y38*AL38+Z38*AL38+AC38*AL38+AA38*AL38+AB38*AL38+AD38*AL38+AE38*AL38+AF38*AL38+AG38*AL38+AH38*AL38+AI38*AL38+AJ38*AL38+AK38*AL38 -> 4270
S39: =B39*R39+C39*R39+D39*R39+E39*R39+F39*R39+G39*R39+H39*R39+I39*R39+J39*R39+K39*R39+L39*R39+M39*R39+N39*R39 -> 0 | AB39: 5 | AL39: 557 | AM39: =V39*AL39+W39*AL39+X39*AL39+Y39*AL39+Z39*AL39+AC39*AL39+AA39*AL39+AB39*AL39+AD39*AL39+AE39*AL39+AF39*AL39+AG39*AL39+AH39*AL39+AI39*AL39+AJ39*AL39+AK39*AL39 -> 2785
S40: =B40*R40+C40*R40+D40*R40+E40*R40+F40*R40+G40*R40+H40*R40+I40*R40+J40*R40+K40*R40+L40*R40+M40*R40+N40*R40 -> 0 | AF40: 10 | AL40: 524 | AM40: =V40*AL40+W40*AL40+X40*AL40+Y40*AL40+Z40*AL40+AC40*AL40+AA40*AL40+AB40*AL40+AD40*AL40+AE40*AL40+AF40*AL40+AG40*AL40+AH40*AL40+AI40*AL40+AJ40*AL40+AK40*AL40 -> 5240
S41: =B41*R41+C41*R41+D41*R41+E41*R41+F41*R41+G41*R41+H41*R41+I41*R41+J41*R41+K41*R41+L41*R41+M41*R41+N41*R41 -> 0 | U41: 2025 год | AM41: =V41*AL41+W41*AL41+X41*AL41+Y41*AL41+Z41*AL41+AC41*AL41+AA41*AL41+AB41*AL41+AD41*AL41+AE41*AL41+AF41*AL41+AG41*AL41+AH41*AL41+AI41*AL41+AJ41*AL41+AK41*AL41 -> 0
S42: =B42*R42+C42*R42+D42*R42+E42*R42+F42*R42+G42*R42+H42*R42+I42*R42+J42*R42+K42*R42+L42*R42+M42*R42+N42*R42+O42*R42+P42*R42+Q42*R42 -> 0 | U42: 45667 | X42: 5 | AL42: 427 | AM42: =V42*AL42+W42*AL42+X42*AL42+Y42*AL42+Z42*AL42+AC42*AL42+AA42*AL42+AB42*AL42+AD42*AL42+AE42*AL42+AF42*AL42+AG42*AL42+AH42*AL42+AI42*AL42+AJ42*AL42+AK42*AL42 -> 2135
S43: =B43*R43+C43*R43+D43*R43+E43*R43+F43*R43+G43*R43+H43*R43+I43*R43+J43*R43+K43*R43+L43*R43+M43*R43+N43*R43+O43*R43+P43*R43+Q43*R43 -> 0 | U43: 45670 | X43: 10 | AL43: 427 | AM43: =V43*AL43+W43*AL43+X43*AL43+Y43*AL43+Z43*AL43+AC43*AL43+AA43*AL43+AB43*AL43+AD43*AL43+AE43*AL43+AF43*AL43+AG43*AL43+AH43*AL43+AI43*AL43+AJ43*AL43+AK43*AL43 -> 4270
S44: =B44*R44+C44*R44+D44*R44+E44*R44+F44*R44+G44*R44+H44*R44+I44*R44+J44*R44+K44*R44+L44*R44+M44*R44+N44*R44+O44*R44+P44*R44+Q44*R44 -> 0 | U44: 45677 | AE44: 5 | AL44: 629.27 | AM44: =V44*AL44+W44*AL44+X44*AL44+Y44*AL44+Z44*AL44+AC44*AL44+AA44*AL44+AB44*AL44+AD44*AL44+AE44*AL44+AF44*AL44+AG44*AL44+AH44*AL44+AI44*AL44+AJ44*AL44+AK44*AL44 -> 3146.35
A45: 45678 | K45: 25 | R45: 629.27 | S45: =B45*R45+C45*R45+D45*R45+E45*R45+F45*R45+G45*R45+H45*R45+I45*R45+J45*R45+K45*R45+L45*R45+M45*R45+N45*R45+O45*R45+P45*R45+Q45*R45 -> 15731.75 | AM45: =V45*AL45+W45*AL45+X45*AL45+Y45*AL45+Z45*AL45+AC45*AL45+AA45*AL45+AB45*AL45+AD45*AL45+AE45*AL45+AF45*AL45+AG45*AL45+AH45*AL45+AI45*AL45+AJ45*AL45+AK45*AL45 -> 0
I46: 25 | R46: 502.85 | S46: =B46*R46+C46*R46+D46*R46+E46*R46+F46*R46+G46*R46+H46*R46+I46*R46+J46*R46+K46*R46+L46*R46+M46*R46+N46*R46+O46*R46+P46*R46+Q46*R46 -> 12571.25 | AM46: =V46*AL46+W46*AL46+X46*AL46+Y46*AL46+Z46*AL46+AC46*AL46+AA46*AL46+AB46*AL46+AD46*AL46+AE46*AL46+AF46*AL46+AG46*AL46+AH46*AL46+AI46*AL46+AJ46*AL46+AK46*AL46 -> 0
D47: 80 | R47: 427 | S47: =B47*R47+C47*R47+D47*R47+E47*R47+F47*R47+G47*R47+H47*R47+I47*R47+J47*R47+K47*R47+L47*R47+M47*R47+N47*R47+O47*R47+P47*R47+Q47*R47 -> 34160 | AM47: =V47*AL47+W47*AL47+X47*AL47+Y47*AL47+Z47*AL47+AC47*AL47+AA47*AL47+AB47*AL47+AD47*AL47+AE47*AL47+AF47*AL47+AG47*AL47+AH47*AL47+AI47*AL47+AJ47*AL47+AK47*AL47 -> 0
N48: 5 | R48: 688.59 | S48: =B48*R48+C48*R48+D48*R48+E48*R48+F48*R48+G48*R48+H48*R48+I48*R48+J48*R48+K48*R48+L48*R48+M48*R48+N48*R48+O48*R48+P48*R48+Q48*R48 -> 3442.95 | AM48: =V48*AL48+W48*AL48+X48*AL48+Y48*AL48+Z48*AL48+AC48*AL48+AA48*AL48+AB48*AL48+AD48*AL48+AE48*AL48+AF48*AL48+AG48*AL48+AH48*AL48+AI48*AL48+AJ48*AL48+AK48*AL48 -> 0
O49: 5 | R49: 522.19 | S49: =B49*R49+C49*R49+D49*R49+E49*R49+F49*R49+G49*R49+H49*R49+I49*R49+J49*R49+K49*R49+L49*R49+M49*R49+N49*R49+O49*R49+P49*R49+Q49*R49 -> 2610.95 | AM49: =V49*AL49+W49*AL49+X49*AL49+Y49*AL49+Z49*AL49+AC49*AL49+AA49*AL49+AB49*AL49+AD49*AL49+AE49*AL49+AF49*AL49+AG49*AL49+AH49*AL49+AI49*AL49+AJ49*AL49+AK49*AL49 -> 0
P50: 25 | R50: 532.12 | S50: =B50*R50+C50*R50+D50*R50+E50*R50+F50*R50+G50*R50+H50*R50+I50*R50+J50*R50+K50*R50+L50*R50+M50*R50+N50*R50+O50*R50+P50*R50+Q50*R50 -> 13303 | AM50: =V50*AL50+W50*AL50+X50*AL50+Y50*AL50+Z50*AL50+AC50*AL50+AA50*AL50+AB50*AL50+AD50*AL50+AE50*AL50+AF50*AL50+AG50*AL50+AH50*AL50+AI50*AL50+AJ50*AL50+AK50*AL50 -> 0
S51: =B51*R51+C51*R51+D51*R51+E51*R51+F51*R51+G51*R51+H51*R51+I51*R51+J51*R51+K51*R51+L51*R51+M51*R51+N51*R51+O51*R51+P51*R51+Q51*R51 -> 0 | U51: 45684 | AC51: 10 | AL51: 502.85 | AM51: =V51*AL51+W51*AL51+X51*AL51+Y51*AL51+Z51*AL51+AC51*AL51+AA51*AL51+AB51*AL51+AD51*AL51+AE51*AL51+AF51*AL51+AG51*AL51+AH51*AL51+AI51*AL51+AJ51*AL51+AK51*AL51 -> 5028.5
S52: =B52*R52+C52*R52+D52*R52+E52*R52+F52*R52+G52*R52+H52*R52+I52*R52+J52*R52+K52*R52+L52*R52+M52*R52+N52*R52+O52*R52+P52*R52+Q52*R52 -> 0 | U52: 45685 | X52: 5 | AL52: 427 | AM52: =V52*AL52+W52*AL52+X52*AL52+Y52*AL52+Z52*AL52+AC52*AL52+AA52*AL52+AB52*AL52+AD52*AL52+AE52*AL52+AF52*AL52+AG52*AL52+AH52*AL52+AI52*AL52+AJ52*AL52+AK52*AL52 -> 2135
S53: =B53*R53+C53*R53+D53*R53+E53*R53+F53*R53+G53*R53+H53*R53+I53*R53+J53*R53+K53*R53+L53*R53+M53*R53+N53*R53+O53*R53+P53*R53+Q53*R53 -> 0 | AE53: 20 | AL53: 629.27 | AM53: =V53*AL53+W53*AL53+X53*AL53+Y53*AL53+Z53*AL53+AC53*AL53+AA53*AL53+AB53*AL53+AD53*AL53+AE53*AL53+AF53*AL53+AG53*AL53+AH53*AL53+AI53*AL53+AJ53*AL53+AK53*AL53 -> 12585.4
S54: =B54*R54+C54*R54+D54*R54+E54*R54+F54*R54+G54*R54+H54*R54+I54*R54+J54*R54+K54*R54+L54*R54+M54*R54+N54*R54+O54*R54+P54*R54+Q54*R54 -> 0 | AC54: 5 | AL54: 502.85 | AM54: =V54*AL54+W54*AL54+X54*AL54+Y54*AL54+Z54*AL54+AC54*AL54+AA54*AL54+AB54*AL54+AD54*AL54+AE54*AL54+AF54*AL54+AG54*AL54+AH54*AL54+AI54*AL54+AJ54*AL54+AK54*AL54 -> 2514.25
S55: =B55*R55+C55*R55+D55*R55+E55*R55+F55*R55+G55*R55+H55*R55+I55*R55+J55*R55+K55*R55+L55*R55+M55*R55+N55*R55+O55*R55+P55*R55+Q55*R55 -> 0 | U55: 45686 | AE55: 10 | AL55: 629.27 | AM55: =V55*AL55+W55*AL55+X55*AL55+Y55*AL55+Z55*AL55+AC55*AL55+AA55*AL55+AB55*AL55+AD55*AL55+AE55*AL55+AF55*AL55+AG55*AL55+AH55*AL55+AI55*AL55+AJ55*AL55+AK55*AL55 -> 6292.7
S56: =B56*R56+C56*R56+D56*R56+E56*R56+F56*R56+G56*R56+H56*R56+I56*R56+J56*R56+K56*R56+L56*R56+M56*R56+N56*R56+O56*R56+P56*R56+Q56*R56 -> 0 | AC56: 10 | AL56: 502.85 | AM56: =V56*AL56+W56*AL56+X56*AL56+Y56*AL56+Z56*AL56+AC56*AL56+AA56*AL56+AB56*AL56+AD56*AL56+AE56*AL56+AF56*AL56+AG56*AL56+AH56*AL56+AI56*AL56+AJ56*AL56+AK56*AL56 -> 5028.5
S57: =B57*R57+C57*R57+D57*R57+E57*R57+F57*R57+G57*R57+H57*R57+I57*R57+J57*R57+K57*R57+L57*R57+M57*R57+N57*R57+O57*R57+P57*R57+Q57*R57 -> 0 | U57: 45687 | X57: 10 | AL57: 427 | AM57: =V57*AL57+W57*AL57+X57*AL57+Y57*AL57+Z57*AL57+AC57*AL57+AA57*AL57+AB57*AL57+AD57*AL57+AE57*AL57+AF57*AL57+AG57*AL57+AH57*AL57+AI57*AL57+AJ57*AL57+AK57*AL57 -> 4270
S58: =B58*R58+C58*R58+D58*R58+E58*R58+F58*R58+G58*R58+H58*R58+I58*R58+J58*R58+K58*R58+L58*R58+M58*R58+N58*R58+O58*R58+P58*R58+Q58*R58 -> 0 | AC58: 15 | AL58: 502.85 | AM58: =V58*AL58+W58*AL58+X58*AL58+Y58*AL58+Z58*AL58+AC58*AL58+AA58*AL58+AB58*AL58+AD58*AL58+AE58*AL58+AF58*AL58+AG58*AL58+AH58*AL58+AI58*AL58+AJ58*AL58+AK58*AL58 -> 7542.75
S59: =B59*R59+C59*R59+D59*R59+E59*R59+F59*R59+G59*R59+H59*R59+I59*R59+J59*R59+K59*R59+L59*R59+M59*R59+N59*R59+O59*R59+P59*R59+Q59*R59 -> 0 | U59: 45688 | X59: 5 | AL59: 427 | AM59: =V59*AL59+W59*AL59+X59*AL59+Y59*AL59+Z59*AL59+AC59*AL59+AA59*AL59+AB59*AL59+AD59*AL59+AE59*AL59+AF59*AL59+AG59*AL59+AH59*AL59+AI59*AL59+AJ59*AL59+AK59*AL59 -> 2135
S60: =B60*R60+C60*R60+D60*R60+E60*R60+F60*R60+G60*R60+H60*R60+I60*R60+J60*R60+K60*R60+L60*R60+M60*R60+N60*R60+O60*R60+P60*R60+Q60*R60 -> 0 | Y60: 5 | AL60: 514 | AM60: =V60*AL60+W60*AL60+X60*AL60+Y60*AL60+Z60*AL60+AC60*AL60+AA60*AL60+AB60*AL60+AD60*AL60+AE60*AL60+AF60*AL60+AG60*AL60+AH60*AL60+AI60*AL60+AJ60*AL60+AK60*AL60 -> 2570
S61: =B61*R61+C61*R61+D61*R61+E61*R61+F61*R61+G61*R61+H61*R61+I61*R61+J61*R61+K61*R61+L61*R61+M61*R61+N61*R61+O61*R61+P61*R61+Q61*R61 -> 0 | AC61: 5 | AL61: 502.85 | AM61: =V61*AL61+W61*AL61+X61*AL61+Y61*AL61+Z61*AL61+AC61*AL61+AA61*AL61+AB61*AL61+AD61*AL61+AE61*AL61+AF61*AL61+AG61*AL61+AH61*AL61+AI61*AL61+AJ61*AL61+AK61*AL61 -> 2514.25
S62: =B62*R62+C62*R62+D62*R62+E62*R62+F62*R62+G62*R62+H62*R62+I62*R62+J62*R62+K62*R62+L62*R62+M62*R62+N62*R62+O62*R62+P62*R62+Q62*R62 -> 0 | U62: 45691 | X62: 5 | AL62: 427 | AM62: =V62*AL62+W62*AL62+X62*AL62+Y62*AL62+Z62*AL62+AC62*AL62+AA62*AL62+AB62*AL62+AD62*AL62+AE62*AL62+AF62*AL62+AG62*AL62+AH62*AL62+AI62*AL62+AJ62*AL62+AK62*AL62 -> 2135
S63: =B63*R63+C63*R63+D63*R63+E63*R63+F63*R63+G63*R63+H63*R63+I63*R63+J63*R63+K63*R63+L63*R63+M63*R63+N63*R63+O63*R63+P63*R63+Q63*R63 -> 0 | Y63: 5 | AL63: 514 | AM63: =V63*AL63+W63*AL63+X63*AL63+Y63*AL63+Z63*AL63+AC63*AL63+AA63*AL63+AB63*AL63+AD63*AL63+AE63*AL63+AF63*AL63+AG63*AL63+AH63*AL63+AI63*AL63+AJ63*AL63+AK63*AL63 -> 2570
A64: 45692 | E64: 50 | R64: 514 | S64: =B64*R64+C64*R64+D64*R64+E64*R64+F64*R64+G64*R64+H64*R64+I64*R64+J64*R64+K64*R64+L64*R64+M64*R64+N64*R64+O64*R64+P64*R64+Q64*R64 -> 25700 | U64: 45692 | Y64: 5 | AL64: 514 | AM64: =V64*AL64+W64*AL64+X64*AL64+Y64*AL64+Z64*AL64+AC64*AL64+AA64*AL64+AB64*AL64+AD64*AL64+AE64*AL64+AF64*AL64+AG64*AL64+AH64*AL64+AI64*AL64+AJ64*AL64+AK64*AL64 -> 2570
I65: 50 | R65: 502.85 | S65: =B65*R65+C65*R65+D65*R65+E65*R65+F65*R65+G65*R65+H65*R65+I65*R65+J65*R65+K65*R65+L65*R65+M65*R65+N65*R65+O65*R65+P65*R65+Q65*R65 -> 25142.5 | U65: 45693 | AG65: 10 | AL65: 689.75 | AM65: =V65*AL65+W65*AL65+X65*AL65+Y65*AL65+Z65*AL65+AC65*AL65+AA65*AL65+AB65*AL65+AD65*AL65+AE65*AL65+AF65*AL65+AG65*AL65+AH65*AL65+AI65*AL65+AJ65*AL65+AK65*AL65 -> 6897.5
S66: =B66*R66+C66*R66+D66*R66+E66*R66+F66*R66+G66*R66+H66*R66+I66*R66+J66*R66+K66*R66+L66*R66+M66*R66+N66*R66+O66*R66+P66*R66+Q66*R66 -> 0 | U66: 45694 | X66: 5 | AL66: 427 | AM66: =V66*AL66+W66*AL66+X66*AL66+Y66*AL66+Z66*AL66+AC66*AL66+AA66*AL66+AB66*AL66+AD66*AL66+AE66*AL66+AF66*AL66+AG66*AL66+AH66*AL66+AI66*AL66+AJ66*AL66+AK66*AL66 -> 2135
S67: =B67*R67+C67*R67+D67*R67+E67*R67+F67*R67+G67*R67+H67*R67+I67*R67+J67*R67+K67*R67+L67*R67+M67*R67+N67*R67+O67*R67+P67*R67+Q67*R67 -> 0 | Y67: 5 | AL67: 514 | AM67: =V67*AL67+W67*AL67+X67*AL67+Y67*AL67+Z67*AL67+AC67*AL67+AA67*AL67+AB67*AL67+AD67*AL67+AE67*AL67+AF67*AL67+AG67*AL67+AH67*AL67+AI67*AL67+AJ67*AL67+AK67*AL67 -> 2570
S68: =B68*R68+C68*R68+D68*R68+E68*R68+F68*R68+G68*R68+H68*R68+I68*R68+J68*R68+K68*R68+L68*R68+M68*R68+N68*R68+O68*R68+P68*R68+Q68*R68 -> 0 | AC68: 5 | AL68: 502.85 | AM68: =V68*AL68+W68*AL68+X68*AL68+Y68*AL68+Z68*AL68+AC68*AL68+AA68*AL68+AB68*AL68+AD68*AL68+AE68*AL68+AF68*AL68+AG68*AL68+AH68*AL68+AI68*AL68+AJ68*AL68+AK68*AL68 -> 2514.25
S69: =B69*R69+C69*R69+D69*R69+E69*R69+F69*R69+G69*R69+H69*R69+I69*R69+J69*R69+K69*R69+L69*R69+M69*R69+N69*R69+O69*R69+P69*R69+Q69*R69 -> 0 | U69: 45695 | X69: 10 | AL69: 427 | AM69: =V69*AL69+W69*AL69+X69*AL69+Y69*AL69+Z69*AL69+AC69*AL69+AA69*AL69+AB69*AL69+AD69*AL69+AE69*AL69+AF69*AL69+AG69*AL69+AH69*AL69+AI69*AL69+AJ69*AL69+AK69*AL69 -> 4270
S70: =B70*R70+C70*R70+D70*R70+E70*R70+F70*R70+G70*R70+H70*R70+I70*R70+J70*R70+K70*R70+L70*R70+M70*R70+N70*R70+O70*R70+P70*R70+Q70*R70 -> 0 | Y70: 5 | AL70: 514 | AM70: =V70*AL70+W70*AL70+X70*AL70+Y70*AL70+Z70*AL70+AC70*AL70+AA70*AL70+AB70*AL70+AD70*AL70+AE70*AL70+AF70*AL70+AG70*AL70+AH70*AL70+AI70*AL70+AJ70*AL70+AK70*AL70 -> 2570
S71: =B71*R71+C71*R71+D71*R71+E71*R71+F71*R71+G71*R71+H71*R71+I71*R71+J71*R71+K71*R71+L71*R71+M71*R71+N71*R71+O71*R71+P71*R71+Q71*R71 -> 0 | AC71: 5 | AL71: 502.85 | AM71: =V71*AL71+W71*AL71+X71*AL71+Y71*AL71+Z71*AL71+AC71*AL71+AA71*AL71+AB71*AL71+AD71*AL71+AE71*AL71+AF71*AL71+AG71*AL71+AH71*AL71+AI71*AL71+AJ71*AL71+AK71*AL71 -> 2514.25
S72: =B72*R72+C72*R72+D72*R72+E72*R72+F72*R72+G72*R72+H72*R72+I72*R72+J72*R72+K72*R72+L72*R72+M72*R72+N72*R72+O72*R72+P72*R72+Q72*R72 -> 0 | U72: 45698 | X72: 5 | AL72: 427 | AM72: =V72*AL72+W72*AL72+X72*AL72+Y72*AL72+Z72*AL72+AC72*AL72+AA72*AL72+AB72*AL72+AD72*AL72+AE72*AL72+AF72*AL72+AG72*AL72+AH72*AL72+AI72*AL72+AJ72*AL72+AK72*AL72 -> 2135
A73: 45699 | E73: 50 | R73: 514 | S73: =B73*R73+C73*R73+D73*R73+E73*R73+F73*R73+G73*R73+H73*R73+I73*R73+J73*R73+K73*R73+L73*R73+M73*R73+N73*R73+O73*R73+P73*R73+Q73*R73 -> 25700 | AM73: =V73*AL73+W73*AL73+X73*AL73+Y73*AL73+Z73*AL73+AC73*AL73+AA73*AL73+AB73*AL73+AD73*AL73+AE73*AL73+AF73*AL73+AG73*AL73+AH73*AL73+AI73*AL73+AJ73*AL73+AK73*AL73 -> 0
K74: 50 | R74: 629.27 | S74: =B74*R74+C74*R74+D74*R74+E74*R74+F74*R74+G74*R74+H74*R74+I74*R74+J74*R74+K74*R74+L74*R74+M74*R74+N74*R74+O74*R74+P74*R74+Q74*R74 -> 31463.5 | AM74: =V74*AL74+W74*AL74+X74*AL74+Y74*AL74+Z74*AL74+AC74*AL74+AA74*AL74+AB74*AL74+AD74*AL74+AE74*AL74+AF74*AL74+AG74*AL74+AH74*AL74+AI74*AL74+AJ74*AL74+AK74*AL74 -> 0
S75: =B75*R75+C75*R75+D75*R75+E75*R75+F75*R75+G75*R75+H75*R75+I75*R75+J75*R75+K75*R75+L75*R75+M75*R75+N75*R75+O75*R75+P75*R75+Q75*R75 -> 0 | U75: 45700 | X75: 5 | AL75: 427 | AM75: =V75*AL75+W75*AL75+X75*AL75+Y75*AL75+Z75*AL75+AC75*AL75+AA75*AL75+AB75*AL75+AD75*AL75+AE75*AL75+AF75*AL75+AG75*AL75+AH75*AL75+AI75*AL75+AJ75*AL75+AK75*AL75 -> 2135
S76: =B76*R76+C76*R76+D76*R76+E76*R76+F76*R76+G76*R76+H76*R76+I76*R76+J76*R76+K76*R76+L76*R76+M76*R76+N76*R76+O76*R76+P76*R76+Q76*R76 -> 0 | AC76: 10 | AL76: 502.85 | AM76: =V76*AL76+W76*AL76+X76*AL76+Y76*AL76+Z76*AL76+AC76*AL76+AA76*AL76+AB76*AL76+AD76*AL76+AE76*AL76+AF76*AL76+AG76*AL76+AH76*AL76+AI76*AL76+AJ76*AL76+AK76*AL76 -> 5028.5
S77: =B77*R77+C77*R77+D77*R77+E77*R77+F77*R77+G77*R77+H77*R77+I77*R77+J77*R77+K77*R77+L77*R77+M77*R77+N77*R77+O77*R77+P77*R77+Q77*R77 -> 0 | U77: 45701 | AC77: 15 | AL77: 502.85 | AM77: =V77*AL77+W77*AL77+X77*AL77+Y77*AL77+Z77*AL77+AC77*AL77+AA77*AL77+AB77*AL77+AD77*AL77+AE77*AL77+AF77*AL77+AG77*AL77+AH77*AL77+AI77*AL77+AJ77*AL77+AK77*AL77 -> 7542.75
A78: 45702 | D78: 80 | R78: 427 | S78: =B78*R78+C78*R78+D78*R78+E78*R78+F78*R78+G78*R78+H78*R78+I78*R78+J78*R78+K78*R78+L78*R78+M78*R78+N78*R78+O78*R78+P78*R78+Q78*R78 -> 34160 | U78: 45702 | X78: 20 | AL78: 427 | AM78: =V78*AL78+W78*AL78+X78*AL78+Y78*AL78+Z78*AL78+AC78*AL78+AA78*AL78+AB78*AL78+AD78*AL78+AE78*AL78+AF78*AL78+AG78*AL78+AH78*AL78+AI78*AL78+AJ78*AL78+AK78*AL78 -> 8540
I79: 25 | R79: 502.85 | S79: =B79*R79+C79*R79+D79*R79+E79*R79+F79*R79+G79*R79+H79*R79+I79*R79+J79*R79+K79*R79+L79*R79+M79*R79+N79*R79+O79*R79+P79*R79+Q79*R79 -> 12571.25 | U79: 45705 | X79: 15 | AL79: 427 | AM79: =V79*AL79+W79*AL79+X79*AL79+Y79*AL79+Z79*AL79+AC79*AL79+AA79*AL79+AB79*AL79+AD79*AL79+AE79*AL79+AF79*AL79+AG79*AL79+AH79*AL79+AI79*AL79+AJ79*AL79+AK79*AL79 -> 6405
E80: 90 | R80: 514 | S80: =B80*R80+C80*R80+D80*R80+E80*R80+F80*R80+G80*R80+H80*R80+I80*R80+J80*R80+K80*R80+L80*R80+M80*R80+N80*R80+O80*R80+P80*R80+Q80*R80 -> 46260 | Y80: 10 | AL80: 514 | AM80: =V80*AL80+W80*AL80+X80*AL80+Y80*AL80+Z80*AL80+AC80*AL80+AA80*AL80+AB80*AL80+AD80*AL80+AE80*AL80+AF80*AL80+AG80*AL80+AH80*AL80+AI80*AL80+AJ80*AL80+AK80*AL80 -> 5140
S81: =B81*R81+C81*R81+D81*R81+E81*R81+F81*R81+G81*R81+H81*R81+I81*R81+J81*R81+K81*R81+L81*R81+M81*R81+N81*R81+O81*R81+P81*R81+Q81*R81 -> 0 | AB81: 5 | AL81: 557 | AM81: =V81*AL81+W81*AL81+X81*AL81+Y81*AL81+Z81*AL81+AC81*AL81+AA81*AL81+AB81*AL81+AD81*AL81+AE81*AL81+AF81*AL81+AG81*AL81+AH81*AL81+AI81*AL81+AJ81*AL81+AK81*AL81 -> 2785
S82: =B82*R82+C82*R82+D82*R82+E82*R82+F82*R82+G82*R82+H82*R82+I82*R82+J82*R82+K82*R82+L82*R82+M82*R82+N82*R82+O82*R82+P82*R82+Q82*R82 -> 0 | U82: 45706 | AC82: 10 | AL82: 502.85 | AM82: =V82*AL82+W82*AL82+X82*AL82+Y82*AL82+Z82*AL82+AC82*AL82+AA82*AL82+AB82*AL82+AD82*AL82+AE82*AL82+AF82*AL82+AG82*AL82+AH82*AL82+AI82*AL82+AJ82*AL82+AK82*AL82 -> 5028.5
A83: 45707 | I83: 55 | R83: 502.85 | S83: =B83*R83+C83*R83+D83*R83+E83*R83+F83*R83+G83*R83+H83*R83+I83*R83+J83*R83+K83*R83+L83*R83+M83*R83+N83*R83+O83*R83+P83*R83+Q83*R83 -> 27656.75 | AM83: =V83*AL83+W83*AL83+X83*AL83+Y83*AL83+Z83*AL83+AC83*AL83+AA83*AL83+AB83*AL83+AD83*AL83+AE83*AL83+AF83*AL83+AG83*AL83+AH83*AL83+AI83*AL83+AJ83*AL83+AK83*AL83 -> 0
S84: =B84*R84+C84*R84+D84*R84+E84*R84+F84*R84+G84*R84+H84*R84+I84*R84+J84*R84+K84*R84+L84*R84+M84*R84+N84*R84+O84*R84+P84*R84+Q84*R84 -> 0 | U84: 45708 | X84: 15 | AL84: 427 | AM84: =V84*AL84+W84*AL84+X84*AL84+Y84*AL84+Z84*AL84+AC84*AL84+AA84*AL84+AB84*AL84+AD84*AL84+AE84*AL84+AF84*AL84+AG84*AL84+AH84*AL84+AI84*AL84+AJ84*AL84+AK84*AL84 -> 6405
S85: =B85*R85+C85*R85+D85*R85+E85*R85+F85*R85+G85*R85+H85*R85+I85*R85+J85*R85+K85*R85+L85*R85+M85*R85+N85*R85+O85*R85+P85*R85+Q85*R85 -> 0 | AC85: 10 | AL85: 502.85 | AM85: =V85*AL85+W85*AL85+X85*AL85+Y85*AL85+Z85*AL85+AC85*AL85+AA85*AL85+AB85*AL85+AD85*AL85+AE85*AL85+AF85*AL85+AG85*AL85+AH85*AL85+AI85*AL85+AJ85*AL85+AK85*AL85 -> 5028.5
S86: =B86*R86+C86*R86+D86*R86+E86*R86+F86*R86+G86*R86+H86*R86+I86*R86+J86*R86+K86*R86+L86*R86+M86*R86+N86*R86+O86*R86+P86*R86+Q86*R86 -> 0 | U86: 45713 | Y86: 10 | AL86: 514 | AM86: =V86*AL86+W86*AL86+X86*AL86+Y86*AL86+Z86*AL86+AC86*AL86+AA86*AL86+AB86*AL86+AD86*AL86+AE86*AL86+AF86*AL86+AG86*AL86+AH86*AL86+AI86*AL86+AJ86*AL86+AK86*AL86 -> 5140
S87: =B87*R87+C87*R87+D87*R87+E87*R87+F87*R87+G87*R87+H87*R87+I87*R87+J87*R87+K87*R87+L87*R87+M87*R87+N87*R87+O87*R87+P87*R87+Q87*R87 -> 0 | AC87: 10 | AL87: 502.85 | AM87: =V87*AL87+W87*AL87+X87*AL87+Y87*AL87+Z87*AL87+AC87*AL87+AA87*AL87+AB87*AL87+AD87*AL87+AE87*AL87+AF87*AL87+AG87*AL87+AH87*AL87+AI87*AL87+AJ87*AL87+AK87*AL87 -> 5028.5
S88: =B88*R88+C88*R88+D88*R88+E88*R88+F88*R88+G88*R88+H88*R88+I88*R88+J88*R88+K88*R88+L88*R88+M88*R88+N88*R88+O88*R88+P88*R88+Q88*R88 -> 0 | U88: 45714 | X88: 10 | AL88: 427 | AM88: =V88*AL88+W88*AL88+X88*AL88+Y88*AL88+Z88*AL88+AC88*AL88+AA88*AL88+AB88*AL88+AD88*AL88+AE88*AL88+AF88*AL88+AG88*AL88+AH88*AL88+AI88*AL88+AJ88*AL88+AK88*AL88 -> 4270
S89: =B89*R89+C89*R89+D89*R89+E89*R89+F89*R89+G89*R89+H89*R89+I89*R89+J89*R89+K89*R89+L89*R89+M89*R89+N89*R89+O89*R89+P89*R89+Q89*R89 -> 0 | Y89: 10 | AL89: 514 | AM89: =V89*AL89+W89*AL89+X89*AL89+Y89*AL89+Z89*AL89+AC89*AL89+AA89*AL89+AB89*AL89+AD89*AL89+AE89*AL89+AF89*AL89+AG89*AL89+AH89*AL89+AI89*AL89+AJ89*AL89+AK89*AL89 -> 5140
S90: =B90*R90+C90*R90+D90*R90+E90*R90+F90*R90+G90*R90+H90*R90+I90*R90+J90*R90+K90*R90+L90*R90+M90*R90+N90*R90+O90*R90+P90*R90+Q90*R90 -> 0 | AC90: 10 | AL90: 502.85 | AM90: =V90*AL90+W90*AL90+X90*AL90+Y90*AL90+Z90*AL90+AC90*AL90+AA90*AL90+AB90*AL90+AD90*AL90+AE90*AL90+AF90*AL90+AG90*AL90+AH90*AL90+AI90*AL90+AJ90*AL90+AK90*AL90 -> 5028.5
S91: =B91*R91+C91*R91+D91*R91+E91*R91+F91*R91+G91*R91+H91*R91+I91*R91+J91*R91+K91*R91+L91*R91+M91*R91+N91*R91+O91*R91+P91*R91+Q91*R91 -> 0 | U91: 45715 | X91: 25 | AL91: 427 | AM91: =V91*AL91+W91*AL91+X91*AL91+Y91*AL91+Z91*AL91+AC91*AL91+AA91*AL91+AB91*AL91+AD91*AL91+AE91*AL91+AF91*AL91+AG91*AL91+AH91*AL91+AI91*AL91+AJ91*AL91+AK91*AL91 -> 10675
S92: =B92*R92+C92*R92+D92*R92+E92*R92+F92*R92+G92*R92+H92*R92+I92*R92+J92*R92+K92*R92+L92*R92+M92*R92+N92*R92+O92*R92+P92*R92+Q92*R92 -> 0 | Y92: 10 | AL92: 514 | AM92: =V92*AL92+W92*AL92+X92*AL92+Y92*AL92+Z92*AL92+AC92*AL92+AA92*AL92+AB92*AL92+AD92*AL92+AE92*AL92+AF92*AL92+AG92*AL92+AH92*AL92+AI92*AL92+AJ92*AL92+AK92*AL92 -> 5140
S93: =B93*R93+C93*R93+D93*R93+E93*R93+F93*R93+G93*R93+H93*R93+I93*R93+J93*R93+K93*R93+L93*R93+M93*R93+N93*R93+O93*R93+P93*R93+Q93*R93 -> 0 | AC93: 25 | AL93: 502.85 | AM93: =V93*AL93+W93*AL93+X93*AL93+Y93*AL93+Z93*AL93+AC93*AL93+AA93*AL93+AB93*AL93+AD93*AL93+AE93*AL93+AF93*AL93+AG93*AL93+AH93*AL93+AI93*AL93+AJ93*AL93+AK93*AL93 -> 12571.25
S94: =B94*R94+C94*R94+D94*R94+E94*R94+F94*R94+G94*R94+H94*R94+I94*R94+J94*R94+K94*R94+L94*R94+M94*R94+N94*R94+O94*R94+P94*R94+Q94*R94 -> 0 | U94: 45716 | X94: 25 | AL94: 427 | AM94: =V94*AL94+W94*AL94+X94*AL94+Y94*AL94+Z94*AL94+AC94*AL94+AA94*AL94+AB94*AL94+AD94*AL94+AE94*AL94+AF94*AL94+AG94*AL94+AH94*AL94+AI94*AL94+AJ94*AL94+AK94*AL94 -> 10675
S95: =B95*R95+C95*R95+D95*R95+E95*R95+F95*R95+G95*R95+H95*R95+I95*R95+J95*R95+K95*R95+L95*R95+M95*R95+N95*R95+O95*R95+P95*R95+Q95*R95 -> 0 | AC95: 15 | AL95: 502.85 | AM95: =V95*AL95+W95*AL95+X95*AL95+Y95*AL95+Z95*AL95+AC95*AL95+AA95*AL95+AB95*AL95+AD95*AL95+AE95*AL95+AF95*AL95+AG95*AL95+AH95*AL95+AI95*AL95+AJ95*AL95+AK95*AL95 -> 7542.75
S96: =B96*R96+C96*R96+D96*R96+E96*R96+F96*R96+G96*R96+H96*R96+I96*R96+J96*R96+K96*R96+L96*R96+M96*R96+N96*R96+O96*R96+P96*R96+Q96*R96 -> 0 | AM96: =V96*AL96+W96*AL96+X96*AL96+Y96*AL96+Z96*AL96+AC96*AL96+AA96*AL96+AB96*AL96+AD96*AL96+AE96*AL96+AF96*AL96+AG96*AL96+AH96*AL96+AI96*AL96+AJ96*AL96+AK96*AL96 -> 0
S97: =B97*R97+C97*R97+D97*R97+E97*R97+F97*R97+G97*R97+H97*R97+I97*R97+J97*R97+K97*R97+L97*R97+M97*R97+N97*R97+O97*R97+P97*R97+Q97*R97 -> 0 | AM97: =V97*AL97+W97*AL97+X97*AL97+Y97*AL97+Z97*AL97+AC97*AL97+AA97*AL97+AB97*AL97+AD97*AL97+AE97*AL97+AF97*AL97+AG97*AL97+AH97*AL97+AI97*AL97+AJ97*AL97+AK97*AL97 -> 0
S98: =B98*R98+C98*R98+D98*R98+E98*R98+F98*R98+G98*R98+H98*R98+I98*R98+J98*R98+K98*R98+L98*R98+M98*R98+N98*R98+O98*R98+P98*R98+Q98*R98 -> 0 | AM98: =V98*AL98+W98*AL98+X98*AL98+Y98*AL98+Z98*AL98+AC98*AL98+AA98*AL98+AB98*AL98+AD98*AL98+AE98*AL98+AF98*AL98+AG98*AL98+AH98*AL98+AI98*AL98+AJ98*AL98+AK98*AL98 -> 0
A99: март | S99: =B99*R99+C99*R99+D99*R99+E99*R99+F99*R99+G99*R99+H99*R99+I99*R99+J99*R99+K99*R99+L99*R99+M99*R99+N99*R99+O99*R99+P99*R99+Q99*R99 -> 0 | U99: март | AM99: =V99*AL99+W99*AL99+X99*AL99+Y99*AL99+Z99*AL99+AC99*AL99+AA99*AL99+AB99*AL99+AD99*AL99+AE99*AL99+AF99*AL99+AG99*AL99+AH99*AL99+AI99*AL99+AJ99*AL99+AK99*AL99 -> 0
A100: 45720 | D100: 250 | R100: 427 | S100: =B100*R100+C100*R100+D100*R100+E100*R100+F100*R100+G100*R100+H100*R100+I100*R100+J100*R100+K100*R100+L100*R100+M100*R100+N100*R100+O100*R100+P100*R100+Q100*R100 -> 106750 | AM100: =V100*AL100+W100*AL100+X100*AL100+Y100*AL100+Z100*AL100+AC100*AL100+AA100*AL100+AB100*AL100+AD100*AL100+AE100*AL100+AF100*AL100+AG100*AL100+AH100*AL100+AI100*AL100+AJ100*AL100+AK100*AL100 -> 0
...

Sheet Союзснаб ПдК
A1: дата поставки | B1: ПдК Зеленое яблоко | C1: ПдК Солнечнй закат | D1: ПдК тартразин | E1: ПдК Понсо | F1: Глюкоза | G1: ПдК Пекарский порошок В | H1: Глутамат | I1: ПдК Зеленое яблоко2 | J1: цена | K1: на сумму | M1: дата выдачи на пр-во | N1: ПдК Зеленое яблоко | O1: ПдК Солнечнй закат | P1: ПдК тартразин | Q1: ПдК Понсо | R1: Глюкоза | S1: ПдК Пекарский порошок В | T1: Глутамат | U1: ПдК Зеленое яблоко2 | V1: цена | W1: на сумму | Y1: ПдК Зеленое яблоко | Z1: ПдК Солнечнй закат | AA1: ПдК тартразин | AB1: ПдК Понсо | AC1: Глюкоза | AD1: ПдК Пекарский порошок В | AE1: Глутамат | AF1: ПдК Зеленое яблоко2
Y2: =0+B42-N42 -> 0 | Z2: =0+C42-O42 -> 3 | AA2: =0+D42-P42 -> 0 | AB2: =0+E42-Q42 -> 0 | AC2: =0+F42-R42 -> 0 | AD2: =0+G42-S42 -> 0 | AE2: =0+H42-T42 -> 50 | AF2: =0+I42-U42 -> 3
A3: 45707 | B3: 1 | J3: 2233.99 | K3: =B3*J3+C3*J3+D3*J3+E3*J3+F3*J3+I3*J3+G3*J3+H3*J3 -> 2233.99 | M3: 45707 | V3: 2233.99 | W3: =N3*V3+O3*V3+P3*V3+Q3*V3+R3*V3+U3*V3+S3*V3+T3*V3 -> 0 | Y3: 2233.99 | Z3: 1891.98 | AA3: 1780.53 | AB3: 2549.03 | AC3: 129 | AD3: 168.11 | AE3: 194.15 | AF3: 1924.17
C4: 1 | J4: 2177.95 | K4: =B4*J4+C4*J4+D4*J4+E4*J4+F4*J4+I4*J4+G4*J4+H4*J4 -> 2177.95 | O4: 1 | V4: 2177.95 | W4: =N4*V4+O4*V4+P4*V4+Q4*V4+R4*V4+U4*V4 -> 2177.95 | Y4: =Y2*Y3 -> 0 | Z4: =Z2*Z3 -> 5675.94 | AA4: =AA2*AA3 -> 0 | AB4: =AB2*AB3 -> 0 | AC4: =AC2*AC3 -> 0 | AD4: =AD2*AD3 -> 0 | AE4: =AE2*AE3 -> 9707.5 | AF4: =AF2*AF3 -> 5772.51
D5: 1 | J5: 1997.57 | K5: =B5*J5+C5*J5+D5*J5+E5*J5+F5*J5+I5*J5+G5*J5+H5*J5 -> 1997.57 | W5: =N5*V5+O5*V5+P5*V5+Q5*V5+R5*V5+U5*V5 -> 0
A6: 45709 | E6: 1 | J6: 2549.03 | K6: =B6*J6+C6*J6+D6*J6+E6*J6+F6*J6+I6*J6+G6*J6+H6*J6 -> 2549.03 | W6: =N6*V6+O6*V6+P6*V6+Q6*V6+R6*V6+U6*V6 -> 0
K7: =B7*J7+C7*J7+D7*J7+E7*J7+F7*J7+I7*J7+G7*J7+H7*J7 -> 0 | M7: 45712 | P7: 1 | V7: 1997.57 | W7: =N7*V7+O7*V7+P7*V7+Q7*V7+R7*V7+U7*V7 -> 1997.57
A8: март | K8: =B8*J8+C8*J8+D8*J8+E8*J8+F8*J8+I8*J8+G8*J8+H8*J8 -> 0 | M8: март | W8: =N8*V8+O8*V8+P8*V8+Q8*V8+R8*V8+U8*V8 -> 0
A9: 45720 | H9: 300 | J9: 194.15 | K9: =B9*J9+C9*J9+D9*J9+E9*J9+F9*J9+I9*J9+G9*J9+H9*J9 -> 58245 | W9: =N9*V9+O9*V9+P9*V9+Q9*V9+R9*V9+U9*V9 -> 0
G10: 5 | J10: 168.11 | K10: =B10*J10+C10*J10+D10*J10+E10*J10+F10*J10+I10*J10+G10*J10+H10*J10 -> 840.55 | W10: =N10*V10+O10*V10+P10*V10+Q10*V10+R10*V10+U10*V10 -> 0
F11: 25 | J11: 129 | K11: =B11*J11+C11*J11+D11*J11+E11*J11+F11*J11+I11*J11+G11*J11+H11*J11 -> 3225 | W11: =N11*V11+O11*V11+P11*V11+Q11*V11+R11*V11+U11*V11 -> 0
K12: =B12*J12+C12*J12+D12*J12+E12*J12+F12*J12+I12*J12+G12*J12+H12*J12 -> 0 | M12: 45726 | R12: 25 | V12: 129 | W12: =N12*V12+O12*V12+P12*V12+Q12*V12+R12*V12+U12*V12 -> 3225
K13: =B13*J13+C13*J13+D13*J13+E13*J13+F13*J13+I13*J13+G13*J13+H13*J13 -> 0 | S13: 5 | V13: 168.11 | W13: =N13*V13+O13*V13+P13*V13+Q13*V13+R13*V13+U13*V13+S13*V13+T13*V13 -> 840.55
K14: =B14*J14+C14*J14+D14*J14+E14*J14+F14*J14+I14*J14+G14*J14+H14*J14 -> 0 | M14: 45727 | Q14: 1 | V14: 2549.03 | W14: =N14*V14+O14*V14+P14*V14+Q14*V14+R14*V14+U14*V14+S14*V14+T14*V14 -> 2549.03
K15: =B15*J15+C15*J15+D15*J15+E15*J15+F15*J15+I15*J15+G15*J15+H15*J15 -> 0 | M15: 45733 | T15: 50 | V15: 194.15 | W15: =N15*V15+O15*V15+P15*V15+Q15*V15+R15*V15+U15*V15+S15*V15+T15*V15 -> 9707.5
K16: =B16*J16+C16*J16+D16*J16+E16*J16+F16*J16+I16*J16+G16*J16+H16*J16 -> 0 | M16: 45740 | T16: 25 | V16: 194.15 | W16: =N16*V16+O16*V16+P16*V16+Q16*V16+R16*V16+U16*V16+S16*V16+T16*V16 -> 4853.75
A17: апрель | K17: =B17*J17+C17*J17+D17*J17+E17*J17+F17*J17+I17*J17+G17*J17+H17*J17 -> 0 | M17: 45747 | T17: 25 | V17: 194.15 | W17: =N17*V17+O17*V17+P17*V17+Q17*V17+R17*V17+U17*V17+S17*V17+T17*V17 -> 4853.75
K18: =B18*J18+C18*J18+D18*J18+E18*J18+F18*J18+I18*J18+G18*J18+H18*J18 -> 0 | M18: 45755 | T18: 25 | V18: 194.15 | W18: =N18*V18+O18*V18+P18*V18+Q18*V18+R18*V18+U18*V18+S18*V18+T18*V18 -> 4853.75
K19: =B19*J19+C19*J19+D19*J19+E19*J19+F19*J19+I19*J19+G19*J19+H19*J19 -> 0 | M19: 11-14.04 | T19: 50 | V19: 194.15 | W19: =N19*V19+O19*V19+P19*V19+Q19*V19+R19*V19+U19*V19+S19*V19+T19*V19 -> 9707.5
A20: 45762 | I20: 3 | J20: 1924.17 | K20: =B20*J20+C20*J20+D20*J20+E20*J20+F20*J20+I20*J20+G20*J20+H20*J20 -> 5772.51 | M20: 45762 | O20: 1 | V20: 1891.98 | W20: =N20*V20+O20*V20+P20*V20+Q20*V20+R20*V20+U20*V20+S20*V20+T20*V20 -> 1891.98
D21: 1 | J21: 1780.53 | K21: =B21*J21+C21*J21+D21*J21+E21*J21+F21*J21+I21*J21+G21*J21+H21*J21 -> 1780.53 | W21: =N21*V21+O21*V21+P21*V21+Q21*V21+R21*V21+U21*V21 -> 0
C22: 5 | J22: 1891.98 | K22: =B22*J22+C22*J22+D22*J22+E22*J22+F22*J22+I22*J22+G22*J22+H22*J22 -> 9459.9 | W22: =N22*V22+O22*V22+P22*V22+Q22*V22+R22*V22+U22*V22 -> 0
K23: =B23*J23+C23*J23+D23*J23+E23*J23+F23*J23+I23*J23+G23*J23+H23*J23 -> 0 | M23: 45768 | T23: 25 | V23: 194.15 | W23: =N23*V23+O23*V23+P23*V23+Q23*V23+R23*V23+U23*V23+S23*V23+T23*V23 -> 4853.75
K24: =B24*J24+C24*J24+D24*J24+E24*J24+F24*J24+I24*J24+G24*J24+H24*J24 -> 0 | M24: 45770 | P24: 1 | V24: 1780.53 | W24: =N24*V24+O24*V24+P24*V24+Q24*V24+R24*V24+U24*V24+S24*V24+T24*V24 -> 1780.53
K25: =B25*J25+C25*J25+D25*J25+E25*J25+F25*J25+I25*J25+G25*J25+H25*J25 -> 0 | M25: 45775 | T25: 50 | V25: 194.15 | W25: =N25*V25+O25*V25+P25*V25+Q25*V25+R25*V25+U25*V25+S25*V25+T25*V25 -> 9707.5
K26: =B26*J26+C26*J26+D26*J26+E26*J26+F26*J26+I26*J26+G26*J26+H26*J26 -> 0 | M26: 45777 | N26: 1 | V26: 2233.99 | W26: =N26*V26+O26*V26+P26*V26+Q26*V26+R26*V26+U26*V26+S26*V26+T26*V26 -> 2233.99
K27: =B27*J27+C27*J27+D27*J27+E27*J27+F27*J27+I27*J27+G27*J27+H27*J27 -> 0 | O27: 1 | V27: 1891.98 | W27: =N27*V27+O27*V27+P27*V27+Q27*V27+R27*V27+U27*V27+S27*V27+T27*V27 -> 1891.98
K28: =B28*J28+C28*J28+D28*J28+E28*J28+F28*J28+I28*J28+G28*J28+H28*J28 -> 0 | W28: =N28*V28+O28*V28+P28*V28+Q28*V28+R28*V28+U28*V28+S28*V28+T28*V28 -> 0
K29: =B29*J29+C29*J29+D29*J29+E29*J29+F29*J29+I29*J29+G29*J29+H29*J29 -> 0 | W29: =N29*V29+O29*V29+P29*V29+Q29*V29+R29*V29+U29*V29+S29*V29+T29*V29 -> 0
K30: =B30*J30+C30*J30+D30*J30+E30*J30+F30*J30+I30*J30+G30*J30+H30*J30 -> 0 | W30: =N30*V30+O30*V30+P30*V30+Q30*V30+R30*V30+U30*V30+S30*V30+T30*V30 -> 0
K31: =B31*J31+C31*J31+D31*J31+E31*J31+F31*J31+I31*J31+G31*J31+H31*J31 -> 0 | W31: =N31*V31+O31*V31+P31*V31+Q31*V31+R31*V31+U31*V31+S31*V31+T31*V31 -> 0
K32: =B32*J32+C32*J32+D32*J32+E32*J32+F32*J32+I32*J32+G32*J32+H32*J32 -> 0 | W32: =N32*V32+O32*V32+P32*V32+Q32*V32+R32*V32+U32*V32+S32*V32+T32*V32 -> 0
K33: =B33*J33+C33*J33+D33*J33+E33*J33+F33*J33+I33*J33+G33*J33+H33*J33 -> 0 | W33: =N33*V33+O33*V33+P33*V33+Q33*V33+R33*V33+U33*V33+S33*V33+T33*V33 -> 0
K34: =B34*J34+C34*J34+D34*J34+E34*J34+F34*J34+I34*J34+G34*J34+H34*J34 -> 0 | W34: =N34*V34+O34*V34+P34*V34+Q34*V34+R34*V34+U34*V34+S34*V34+T34*V34 -> 0
K35: =B35*J35+C35*J35+D35*J35+E35*J35+F35*J35+I35*J35+G35*J35+H35*J35 -> 0 | W35: =N35*V35+O35*V35+P35*V35+Q35*V35+R35*V35+U35*V35+S35*V35+T35*V35 -> 0
K36: =B36*J36+C36*J36+D36*J36+E36*J36+F36*J36+I36*J36+G36*J36+H36*J36 -> 0 | W36: =N36*V36+O36*V36+P36*V36+Q36*V36+R36*V36+U36*V36+S36*V36+T36*V36 -> 0
K37: =B37*J37+C37*J37+D37*J37+E37*J37+F37*J37+I37*J37+G37*J37+H37*J37 -> 0 | W37: =N37*V37+O37*V37+P37*V37+Q37*V37+R37*V37+U37*V37+S37*V37+T37*V37 -> 0
K38: =B38*J38+C38*J38+D38*J38+E38*J38+F38*J38+I38*J38+G38*J38+H38*J38 -> 0 | W38: =N38*V38+O38*V38+P38*V38+Q38*V38+R38*V38+U38*V38+S38*V38+T38*V38 -> 0
K39: =B39*J39+C39*J39+D39*J39+E39*J39+F39*J39+I39*J39+G39*J39+H39*J39 -> 0 | W39: =N39*V39+O39*V39+P39*V39+Q39*V39+R39*V39+U39*V39+S39*V39+T39*V39 -> 0
... K41: =B41*J41+C41*J41+D41*J41+E41*J41+F41*J41+I41*J41+G41*J41+H41*J41 -> 0 | W41: =N41*V41+O41*V41+P41*V41+Q41*V41+R41*V41+U41*V41+S41*V41+T41*V41 -> 0
B42: =SUM(B3:B41) -> 1 | C42: =SUM(C3:C41) -> 6 | D42: =SUM(D3:D41) -> 2 | E42: =SUM(E3:E41) -> 1 | F42: =SUM(F3:F41) -> 25 | G42: =SUM(G3:G41) -> 5 | H42: =SUM(H3:H41) -> 300 | I42: =SUM(I3:I41) -> 3 | ... K42: =SUM(K3:K41) -> 88282.03 | N42: =SUM(N3:N41) -> 1 | O42: =SUM(O3:O41) -> 3 | P42: =SUM(P3:P41) -> 2 | Q42: =SUM(Q3:Q41) -> 1 | R42: =SUM(R3:R41) -> 25 | S42: =SUM(S3:S41) -> 5 | T42: =SUM(T3:T41) -> 250 | U42: =SUM(U3:U41) -> 0

Sheet ИП Ким
A1: дата поставки | B1: сахар | C1: масло подсолнечное | H1: цена | I1: на сумму | K1: дата выдачи на пр-во | L1: сахар | M1: масло подсолнечное | R1: цена | S1: на сумму | U1: сахар | V1: масло подсолнечное
A2: 2024 год | K2: 2024 год | U2: =0+B50-L50 -> 750 | V2: =0+C50-M50 -> 210 | W2: =0+D50-N50 -> 0 | X2: =0+E50-O50 -> 0 | Y2: =0+F50-P50 -> 0 | Z2: =0+G50-Q50 -> 0
A3: 45630 | B3: 1000 | H3: 60 | I3: =B3*H3+C3*H3+D3*H3+E3*H3+F3*H3+G3*H3 -> 60000 | K3: 45630 | L3: 100 | R3: 60 | S3: =L3*R3+M3*R3+N3*R3+O3*R3+P3*R3+Q3*R3 -> 6000 | U3: 60 | V3: 623
C4: 150 | H4: 122 | I4: =B4*H4+C4*H4+D4*H4+E4*H4+F4*H4+G4*H4 -> 18300 | S4: =L4*R4+M4*R4+N4*R4+O4*R4+P4*R4+Q4*R4 -> 0 | U4: =U2*U3 -> 45000 | V4: =V2*V3 -> 130830 | W4: =W2*W3 -> 0 | X4: =X2*X3 -> 0 | Y4: =Y2*Y3 -> 0 | Z4: =Z2*Z3 -> 0
I5: =B5*H5+C5*H5+D5*H5+E5*H5+F5*H5+G5*H5 -> 0 | K5: 2025 год | S5: =L5*R5+M5*R5+N5*R5+O5*R5+P5*R5+Q5*R5 -> 0
I6: =B6*H6+C6*H6+D6*H6+E6*H6+F6*H6+G6*H6 -> 0 | K6: 45666 | L6: 50 | R6: 60 | S6: =L6*R6+M6*R6+N6*R6+O6*R6+P6*R6+Q6*R6 -> 3000
A7: 45729 | C7: 200 | H7: 623 | I7: =B7*H7+C7*H7+D7*H7+E7*H7+F7*H7+G7*H7 -> 124600 | K7: 45729 | M7: 150 | R7: 122 | S7: =L7*R7+M7*R7+N7*R7+O7*R7+P7*R7+Q7*R7 -> 18300
I8: =B8*H8+C8*H8+D8*H8+E8*H8+F8*H8+G8*H8 -> 0 | M8: 39 | R8: 623 | S8: =L8*R8+M8*R8+N8*R8+O8*R8+P8*R8+Q8*R8 -> 24297
I9: =B9*H9+C9*H9+D9*H9+E9*H9+F9*H9+G9*H9 -> 0 | K9: 45730 | M9: 20 | R9: 623 | S9: =L9*R9+M9*R9+N9*R9+O9*R9+P9*R9+Q9*R9 -> 12460
I10: =B10*H10+C10*H10+D10*H10+E10*H10+F10*H10+G10*H10 -> 0 | K10: 45733 | M10: 21 | R10: 623 | S10: =L10*R10+M10*R10+N10*R10+O10*R10+P10*R10+Q10*R10 -> 13083
I11: =B11*H11+C11*H11+D11*H11+E11*H11+F11*H11+G11*H11 -> 0 | K11: 45734 | M11: 30 | R11: 623 | S11: =L11*R11+M11*R11+N11*R11+O11*R11+P11*R11+Q11*R11 -> 18690
I12: =B12*H12+C12*H12+D12*H12+E12*H12+F12*H12+G12*H12 -> 0 | K12: 45735 | M12: 65 | R12: 623 | S12: =L12*R12+M12*R12+N12*R12+O12*R12+P12*R12+Q12*R12 -> 40495
A13: 45736 | C13: 200 | H13: 623 | I13: =B13*H13+C13*H13+D13*H13+E13*H13+F13*H13+G13*H13 -> 124600 | K13: 45736 | M13: 25 | R13: 623 | S13: =L13*R13+M13*R13+N13*R13+O13*R13+P13*R13+Q13*R13 -> 15575
I14: =B14*H14+C14*H14+D14*H14+E14*H14+F14*H14+G14*H14 -> 0 | K14: 45737 | M14: 64 | R14: 623 | S14: =L14*R14+M14*R14+N14*R14+O14*R14+P14*R14+Q14*R14 -> 39872
I15: =B15*H15+C15*H15+D15*H15+E15*H15+F15*H15+G15*H15 -> 0 | K15: 45740 | M15: 72 | R15: 623 | S15: =L15*R15+M15*R15+N15*R15+O15*R15+P15*R15+Q15*R15 -> 44856
A16: 45741 | C16: 200 | H16: 623 | I16: =B16*H16+C16*H16+D16*H16+E16*H16+F16*H16+G16*H16 -> 124600 | K16: 45741 | M16: 20 | R16: 623 | S16: =L16*R16+M16*R16+N16*R16+O16*R16+P16*R16+Q16*R16 -> 12460
I17: =B17*H17+C17*H17+D17*H17+E17*H17+F17*H17+G17*H17 -> 0 | K17: 45742 | M17: 20 | R17: 623 | S17: =L17*R17+M17*R17+N17*R17+O17*R17+P17*R17+Q17*R17 -> 12460
I18: =B18*H18+C18*H18+D18*H18+E18*H18+F18*H18+G18*H18 -> 0 | K18: 45743 | M18: 20 | R18: 623 | S18: =L18*R18+M18*R18+N18*R18+O18*R18+P18*R18+Q18*R18 -> 12460
I19: =B19*H19+C19*H19+D19*H19+E19*H19+F19*H19+G19*H19 -> 0 | K19: 45744 | M19: 20 | R19: 623 | S19: =L19*R19+M19*R19+N19*R19+O19*R19+P19*R19+Q19*R19 -> 12460
I20: =B20*H20+C20*H20+D20*H20+E20*H20+F20*H20+G20*H20 -> 0 | K20: 45748 | M20: 10 | R20: 623 | S20: =L20*R20+M20*R20+N20*R20+O20*R20+P20*R20+Q20*R20 -> 6230
I21: =B21*H21+C21*H21+D21*H21+E21*H21+F21*H21+G21*H21 -> 0 | K21: 45749 | M21: 54 | R21: 623 | S21: =L21*R21+M21*R21+N21*R21+O21*R21+P21*R21+Q21*R21 -> 33642
I22: =B22*H22+C22*H22+D22*H22+E22*H22+F22*H22+G22*H22 -> 0 | K22: 45750 | M22: 50 | R22: 623 | S22: =L22*R22+M22*R22+N22*R22+O22*R22+P22*R22+Q22*R22 -> 31150
I23: =B23*H23+C23*H23+D23*H23+E23*H23+F23*H23+G23*H23 -> 0 | K23: 45751 | M23: 20 | R23: 623 | S23: =L23*R23+M23*R23+N23*R23+O23*R23+P23*R23+Q23*R23 -> 12460
A24: 45754 | C24: 201 | H24: 623 | I24: =B24*H24+C24*H24+D24*H24+E24*H24+F24*H24+G24*H24 -> 125223 | K24: 45754 | M24: 50 | R24: 623 | S24: =L24*R24+M24*R24+N24*R24+O24*R24+P24*R24+Q24*R24 -> 31150
I25: =B25*H25+C25*H25+D25*H25+E25*H25+F25*H25+G25*H25 -> 0 | K25: 45755 | M25: 80 | R25: 623 | S25: =L25*R25+M25*R25+N25*R25+O25*R25+P25*R25+Q25*R25 -> 49840
I26: =B26*H26+C26*H26+D26*H26+E26*H26+F26*H26+G26*H26 -> 0 | K26: 45757 | M26: 40 | R26: 623 | S26: =L26*R26+M26*R26+N26*R26+O26*R26+P26*R26+Q26*R26 -> 24920
A27: 11-14.04 | C27: 402 | H27: 623 | I27: =B27*H27+C27*H27+D27*H27+E27*H27+F27*H27+G27*H27 -> 250446 | K27: 11-14.04 | M27: 100 | R27: 623 | S27: =L27*R27+M27*R27+N27*R27+O27*R27+P27*R27+Q27*R27 -> 62300
I28: =B28*H28+C28*H28+D28*H28+E28*H28+F28*H28+G28*H28 -> 0 | K28: 45762 | M28: 20 | R28: 623 | S28: =L28*R28+M28*R28+N28*R28+O28*R28+P28*R28+Q28*R28 -> 12460
I29: =B29*H29+C29*H29+D29*H29+E29*H29+F29*H29+G29*H29 -> 0 | K29: 45763 | M29: 20 | R29: 623 | S29: =L29*R29+M29*R29+N29*R29+O29*R29+P29*R29+Q29*R29 -> 12460
I30: =B30*H30+C30*H30+D30*H30+E30*H30+F30*H30+G30*H30 -> 0 | K30: 45764 | M30: 20 | R30: 623 | S30: =L30*R30+M30*R30+N30*R30+O30*R30+P30*R30+Q30*R30 -> 12460
I31: =B31*H31+C31*H31+D31*H31+E31*H31+F31*H31+G31*H31 -> 0 | K31: 45765 | M31: 40 | R31: 623 | S31: =L31*R31+M31*R31+N31*R31+O31*R31+P31*R31+Q31*R31 -> 24920
I32: =B32*H32+C32*H32+D32*H32+E32*H32+F32*H32+G32*H32 -> 0 | K32: 45768 | M32: 60 | R32: 623 | S32: =L32*R32+M32*R32+N32*R32+O32*R32+P32*R32+Q32*R32 -> 37380
I33: =B33*H33+C33*H33+D33*H33+E33*H33+F33*H33+G33*H33 -> 0 | K33: 45769 | M33: 40 | R33: 623 | S33: =L33*R33+M33*R33+N33*R33+O33*R33+P33*R33+Q33*R33 -> 24920
I34: =B34*H34+C34*H34+D34*H34+E34*H34+F34*H34+G34*H34 -> 0 | K34: 45770 | M34: 40 | R34: 623 | S34: =L34*R34+M34*R34+N34*R34+O34*R34+P34*R34+Q34*R34 -> 24920
I35: =B35*H35+C35*H35+D35*H35+E35*H35+F35*H35+G35*H35 -> 0 | L35: 50 | R35: 60 | S35: =L35*R35+M35*R35+N35*R35+O35*R35+P35*R35+Q35*R35 -> 3000
I36: =B36*H36+C36*H36+D36*H36+E36*H36+F36*H36+G36*H36 -> 0 | K36: 45771 | L36: 50 | R36: 60 | S36: =L36*R36+M36*R36+N36*R36+O36*R36+P36*R36+Q36*R36 -> 3000
I37: =B37*H37+C37*H37+D37*H37+E37*H37+F37*H37+G37*H37 -> 0 | K37: 45772 | M37: 20 | R37: 623 | S37: =L37*R37+M37*R37+N37*R37+O37*R37+P37*R37+Q37*R37 -> 12460
I38: =B38*H38+C38*H38+D38*H38+E38*H38+F38*H38+G38*H38 -> 0 | K38: 45776 | M38: 100 | R38: 623 | S38: =L38*R38+M38*R38+N38*R38+O38*R38+P38*R38+Q38*R38 -> 62300
I39: =B39*H39+C39*H39+D39*H39+E39*H39+F39*H39+G39*H39 -> 0 | K39: 45777 | M39: 18 | R39: 623 | S39: =L39*R39+M39*R39+N39*R39+O39*R39+P39*R39+Q39*R39 -> 11214
A40: 01-04 мая | C40: 405 | H40: 623 | I40: =B40*H40+C40*H40+D40*H40+E40*H40+F40*H40+G40*H40 -> 252315 | K40: 06 мая | M40: 40 | R40: 623 | S40: =L40*R40+M40*R40+N40*R40+O40*R40+P40*R40+Q40*R40 -> 24920
I41: =B41*H41+C41*H41+D41*H41+E41*H41+F41*H41+G41*H41 -> 0 | K41: 07 мая | M41: 20 | R41: 623 | S41: =L41*R41+M41*R41+N41*R41+O41*R41+P41*R41+Q41*R41 -> 12460
I42: =B42*H42+C42*H42+D42*H42+E42*H42+F42*H42+G42*H42 -> 0 | K42: 08-09 мая | M42: 20 | R42: 623 | S42: =L42*R42+M42*R42+N42*R42+O42*R42+P42*R42+Q42*R42 -> 12460
I43: =B43*H43+C43*H43+D43*H43+E43*H43+F43*H43+G43*H43 -> 0 | K43: 12 мая | M43: 20 | R43: 623 | S43: =L43*R43+M43*R43+N43*R43+O43*R43+P43*R43+Q43*R43 -> 12460
I44: =B44*H44+C44*H44+D44*H44+E44*H44+F44*H44+G44*H44 -> 0 | K44: 13 мая | M44: 20 | R44: 623 | S44: =L44*R44+M44*R44+N44*R44+O44*R44+P44*R44+Q44*R44 -> 12460
I45: =B45*H45+C45*H45+D45*H45+E45*H45+F45*H45+G45*H45 -> 0 | K45: 14 мая | M45: 30 | R45: 623 | S45: =L45*R45+M45*R45+N45*R45+O45*R45+P45*R45+Q45*R45 -> 18690
I46: =B46*H46+C46*H46+D46*H46+E46*H46+F46*H46+G46*H46 -> 0 | K46: 20 мая | M46: 20 | R46: 623 | S46: =L46*R46+M46*R46+N46*R46+O46*R46+P46*R46+Q46*R46 -> 12460
K47: 22 мая | M47: 30 | R47: 623 | S47: =L47*R47+M47*R47+N47*R47+O47*R47+P47*R47+Q47*R47 -> 18690
S48: =L48*R48+M48*R48+N48*R48+O48*R48+P48*R48+Q48*R48 -> 0
I49: =B49*H49+C49*H49+D49*H49+E49*H49+F49*H49+G49*H49 -> 0 | S49: =L49*R49+M49*R49+N49*R49+O49*R49+P49*R49+Q49*R49 -> 0
B50: =SUM(B3:B49) -> 1000 | C50: =SUM(C3:C49) -> 1758 | D50: =SUM(D3:D49) -> 0 | E50: =SUM(E3:E49) -> 0 | F50: =SUM(F3:F49) -> 0 | G50: =SUM(G3:G49) -> 0 | H50: =SUM(H3:H49) -> 3920 | I50: =SUM(I3:I49) -> 1080084 | L50: =SUM(L3:L49) -> 250 | M50: =SUM(M3:M49) -> 1548 | N50: =SUM(N3:N49) -> 0 | O50: =SUM(O3:O49) -> 0 | P50: =SUM(P3:P49) -> 0 | Q50: =SUM(Q3:Q49) -> 0 | S50: =L50*R50+M50*R50+N50*R50+O50*R50+P50*R50+Q50*R50 -> 0

Sheet чл
